player_analyzed,seasons_compared,comparison_player,comparison_type,overall_similarity,basic_combined,basic_performance,basic_growth,shooting_combined,shooting_performance,shooting_growth,advanced_combined,advanced_performance,advanced_growth
Terrence Shannon Jr.,1,Yuki Kawamura,current_nba,3.136761493508489,4.233202097703345,5.291502622129181,0.0,2.7712812921102037,3.4641016151377544,0.0,2.7712812921102037,3.4641016151377544,0.0
Terrence Shannon Jr.,1,Talen Horton-Tucker,current_nba,3.165436543168373,3.919183588453085,4.898979485566356,0.0,3.2,4.0,0.0,2.7712812921102037,3.4641016151377544,0.0
Terrence Shannon Jr.,1,Tari Eason,current_nba,3.243941170480938,4.233202097703345,5.291502622129181,0.0,3.2,4.0,0.0,2.7712812921102037,3.4641016151377544,0.0
Terrence Shannon Jr.,1,Zeke Nnaji,current_nba,3.243941170480938,4.233202097703345,5.291502622129181,0.0,3.2,4.0,0.0,2.7712812921102037,3.4641016151377544,0.0
Terrence Shannon Jr.,1,Jericho Sims,current_nba,3.243941170480938,4.233202097703345,5.291502622129181,0.0,3.2,4.0,0.0,2.7712812921102037,3.4641016151377544,0.0
Terrence Shannon Jr.,1,Ivica Zubac,current_nba,3.243941170480938,4.233202097703345,5.291502622129181,0.0,3.2,4.0,0.0,2.7712812921102037,3.4641016151377544,0.0
Terrence Shannon Jr.,1,Goga Bitadze,current_nba,3.3511208474533873,4.233202097703345,5.291502622129181,0.0,2.7712812921102037,3.4641016151377544,0.0,3.2,4.0,0.0
Terrence Shannon Jr.,1,D.J. Carton,current_nba,3.3511208474533873,4.233202097703345,5.291502622129181,0.0,2.7712812921102037,3.4641016151377544,0.0,3.2,4.0,0.0
Terrence Shannon Jr.,1,Cam Christie,current_nba,3.3511208474533873,4.233202097703345,5.291502622129181,0.0,2.7712812921102037,3.4641016151377544,0.0,3.2,4.0,0.0
Terrence Shannon Jr.,1,DeMar DeRozan,current_nba,3.3511208474533873,4.233202097703345,5.291502622129181,0.0,2.7712812921102037,3.4641016151377544,0.0,3.2,4.0,0.0
Terrence Shannon Jr.,1,Vince Carter,hof,3.4583005244258365,4.233202097703345,5.291502622129181,0.0,3.2,4.0,0.0,3.2,4.0,0.0
Terrence Shannon Jr.,1,Patrick Ewing,hof,3.4583005244258365,4.233202097703345,5.291502622129181,0.0,3.2,4.0,0.0,3.2,4.0,0.0
Terrence Shannon Jr.,1,Kevin McHale,hof,3.4583005244258365,4.233202097703345,5.291502622129181,0.0,3.2,4.0,0.0,3.2,4.0,0.0
Terrence Shannon Jr.,1,Clyde Drexler,hof,3.539975229453219,4.233202097703345,5.291502622129181,0.0,2.7712812921102037,3.4641016151377544,0.0,3.577708763999664,4.47213595499958,0.0
Terrence Shannon Jr.,1,James Worthy,hof,3.539975229453219,4.233202097703345,5.291502622129181,0.0,2.7712812921102037,3.4641016151377544,0.0,3.577708763999664,4.47213595499958,0.0
Terrence Shannon Jr.,1,Dirk Nowitzki,hof,3.568650279113103,3.919183588453085,4.898979485566356,0.0,3.2,4.0,0.0,3.577708763999664,4.47213595499958,0.0
Terrence Shannon Jr.,1,Chauncey Billups,hof,3.6471549064256683,4.233202097703345,5.291502622129181,0.0,3.2,4.0,0.0,3.577708763999664,4.47213595499958,0.0
Terrence Shannon Jr.,1,Pau Gasol,hof,3.6471549064256683,4.233202097703345,5.291502622129181,0.0,3.2,4.0,0.0,3.577708763999664,4.47213595499958,0.0
Terrence Shannon Jr.,1,Tony Parker,hof,3.6471549064256683,4.233202097703345,5.291502622129181,0.0,3.2,4.0,0.0,3.577708763999664,4.47213595499958,0.0
Terrence Shannon Jr.,1,Dwyane Wade,hof,3.6471549064256683,4.233202097703345,5.291502622129181,0.0,3.2,4.0,0.0,3.577708763999664,4.47213595499958,0.0
Donte DiVincenzo,9,Khris Middleton,current_nba,2.3933238378561406,2.8200073311759066,3.180828550281643,1.3767224547529622,2.363583297939927,2.8639974895184688,0.36192653162575983,2.1948523611543638,2.5421465764570605,0.805675499943576
Donte DiVincenzo,9,Aaron Gordon,current_nba,2.456804320898711,2.9314403228377164,3.526137898304528,0.5526500209704694,2.4753773082610335,2.867103761651494,0.9084714946991912,2.2101998262480467,2.6041924020769294,0.6342295229325137
Donte DiVincenzo,9,Paul George,current_nba,2.4624913286429724,3.263878382371696,3.8123022645633062,1.0701828536052544,1.6830512060557845,2.040625110237192,0.2527555893301537,2.4515178630722048,2.7127125321185432,1.4067391868868504
Donte DiVincenzo,9,Kris Dunn,current_nba,2.4915942729157234,3.155320746099213,3.7167234283647193,0.9097100170371893,1.9118471480134605,2.181823548634583,0.8319415455289693,2.4496045987751103,2.8467944338531357,0.860845258463009
Donte DiVincenzo,9,Pascal Siakam,current_nba,2.5378506979210966,3.1612033906383417,3.648814260177419,1.2107599124820319,2.3547536769275426,2.6509318601053478,1.1700409442163222,2.317722862059251,2.6760106844203513,0.8845715726148491
Donte DiVincenzo,9,Terry Rozier,current_nba,2.5511076169167044,2.700201267102015,2.8700827246208567,2.02067543702665,2.2121459039700717,2.252534521934999,2.0505914321103624,2.6460416482973654,2.951339824314271,1.4248489442297425
Donte DiVincenzo,9,Derrick White,current_nba,2.5512416263193973,2.8325165573392126,3.147368732840539,1.5731078553339073,2.490684097430697,2.5394025135978078,2.295810432762256,2.44088292525384,2.833653050697936,0.8698024234774561
Donte DiVincenzo,9,Kyle Anderson,current_nba,2.556904590793857,2.935639043555331,3.3877235744087506,1.1273009201416515,2.4847011383586026,2.684880100333528,1.6839852904589017,2.403639090630746,2.763100854387782,0.9657920356026013
Donte DiVincenzo,9,Kentavious Caldwell-Pope,current_nba,2.5703511154273415,2.9318060756680095,3.3917483351406648,1.0920370377773871,1.9686600260199516,2.2114606638687224,0.9974574746248678,2.6904691800107026,3.166934640897273,0.7846073364644206
Donte DiVincenzo,9,DeMar DeRozan,current_nba,2.571945719924613,2.902067291708909,3.4067580001844404,0.8833044578067842,2.301246384812639,2.6713950752541,0.8206516230467957,2.5422346015884525,2.772091888040504,1.6228054557802474
Donte DiVincenzo,9,Chauncey Billups,hof,2.5675246568746166,3.5699485871178034,4.148693611005748,1.254968491566025,2.0971965500195098,2.5060425825316703,0.4618124199708654,2.301476745180577,2.5975779852420673,1.1170717849346166
Donte DiVincenzo,9,Gary Payton,hof,2.591931675707772,3.5617336595051188,4.2598907007298745,0.769105494606096,2.475993452385088,2.9305005169210103,0.6579651942413995,2.164999795470441,2.4205235422112836,1.1429048085070708
Donte DiVincenzo,9,Steve Nash,hof,2.890986514261731,3.170319318956039,3.605044514637346,1.4314185362308114,2.7865726514571136,3.2257110835159555,1.0300189232217456,2.8035270433168846,3.1305375801764623,1.4954848958785747
Donte DiVincenzo,9,Tracy McGrady,hof,2.9522215293410934,3.2390228641689314,3.8672220145975325,0.7262262624545269,2.746082303326228,3.0255329797453894,1.6282795976495836,2.9118904749346064,3.457529921189911,0.7293326899133874
Donte DiVincenzo,9,Paul Pierce,hof,2.9561911929364393,3.913174637313266,4.551924476626961,1.3581752800584872,1.9618745098094943,2.1999872626167516,1.0094234985804655,2.9748578123114986,3.617397001453959,0.4047010557416565
Donte DiVincenzo,9,Dirk Nowitzki,hof,2.9801754919644505,3.3961156914130792,3.9617458481570136,1.1335950644373416,2.435129235218957,2.6154261490648896,1.713941579835227,3.0447285206128822,3.4322977599611235,1.4944515632199171
Donte DiVincenzo,9,Jason Kidd,hof,2.995583592730586,3.81670106711793,4.657039371768695,0.45534784851486904,2.4292174841370273,2.7935522270600597,0.9718785124448974,2.868207909833693,3.445090505923751,0.5606775254734582
Donte DiVincenzo,9,Tim Hardaway,hof,2.9970486021812257,3.8665618355434077,4.563736561204968,1.0778629328971647,2.429811813114657,2.703248505507399,1.3360650435436894,2.845910380033419,3.149516807041805,1.6314846719998726
Donte DiVincenzo,9,Kobe Bryant,hof,2.9984528461598137,3.3504371078732107,3.8030993488354405,1.5397881440242902,2.6857592233037884,2.951367774036852,1.6233250203715333,2.978807526731128,3.5129404466387246,0.8422758471007394
Donte DiVincenzo,9,Vlade Divac,hof,3.0144772398956565,3.3128841463474594,3.9347591292366135,0.8253842147908423,2.7801143893532188,3.1917347099419495,1.1336331069982961,2.982455211940974,3.3502024010355504,1.5114664555626658
Jaden McDaniels,5,Deni Avdija,current_nba,2.3647595250828632,3.089728148748839,3.500964756423593,1.4447817180498228,2.1833848371004043,2.3334098248269415,1.5832848861942548,2.092962557241105,2.3340099394940403,1.1287730282293615
Jaden McDaniels,5,Kentavious Caldwell-Pope,current_nba,2.393816598252345,2.685818399136893,3.054185129526102,1.2123514775800566,3.141191357535387,3.394885352583755,2.1264153773419157,1.87412831816855,2.1868408466816094,0.6232782041163126
Jaden McDaniels,5,OG Anunoby,current_nba,2.4237153549255126,2.765107609812497,3.0971663615356055,1.4368726029200611,1.9001130209751211,2.0101823669911294,1.4598356369110879,2.514820394457216,2.699431601215436,1.776375567424337
Jaden McDaniels,5,Max Christie,current_nba,2.447024447134658,3.1250376842689147,3.7128095791661613,0.7739501046799274,2.7184621517466776,3.0059811994930046,1.5683859607613693,1.9722989762615197,2.0035929576041487,1.8471230508910033
Jaden McDaniels,5,Bruce Brown,current_nba,2.459529549681554,3.129493829944284,3.6584259265981878,1.0137654433286687,2.4185484564563122,2.3537061384296036,2.6779177285631457,2.1450379561628097,2.4864242698189534,0.779492701538235
Jaden McDaniels,5,Kelly Oubre Jr.,current_nba,2.484826327357144,2.7183608059948376,2.945777463431507,1.8086941762481612,2.273702762568157,2.6058990930093064,0.9449174408035581,2.473620870432791,2.8183248927092097,1.0948047813271162
Jaden McDaniels,5,Dorian Finney-Smith,current_nba,2.4964225273761653,2.930343289961676,3.4320777903769133,0.9234052883007264,2.863513999111828,2.8366015214969837,2.9711639095712075,2.0959164102155787,2.4372153830433163,0.7307205189046295
Jaden McDaniels,5,Gary Harris,current_nba,2.5584197299827753,3.126397106317919,3.6576328999599106,1.0014539317499525,1.9943882844792202,1.9229725690310109,2.280051146272058,2.5564467645669806,3.0131515770151047,0.7296275147744818
Jaden McDaniels,5,Josh Hart,current_nba,2.560888217133914,2.7738473666212218,3.1252663375483434,1.3681714829127352,2.463619893576656,2.774519177337558,1.2200227585330472,2.5030428041688886,2.658253102933945,1.882201609108662
Jaden McDaniels,5,Zach Collins,current_nba,2.5911223353887483,3.2803500369205554,3.733360622046999,1.468307696414779,2.3384809477603783,2.2233959638851237,2.7988208832613974,2.3728291784370295,2.722727266710552,0.9732368253429385
Jaden McDaniels,5,Chris Bosh,hof,2.8992196297815847,3.74400427209755,4.365300759321867,1.2588183232002805,1.8344303002106863,1.9869024851040535,1.2245415606372168,3.0092219734090513,3.5096628093313242,1.00745862971996
Jaden McDaniels,5,Steve Nash,hof,2.9138812983815003,3.23644989748186,3.665831193380746,1.5189247138863151,2.94088765893597,3.381234171474554,1.179501608781632,2.739093818554086,3.19003538743626,0.9353275430253885
Jaden McDaniels,5,Gary Payton,hof,2.9960168942351753,3.689582479928349,4.413549740882386,0.7937134361122008,2.8586101929816,3.1129499837864163,1.841251029762335,2.717937452015376,3.157666748718871,0.9590202652013928
Jaden McDaniels,5,Dirk Nowitzki,hof,3.0035413456728013,3.315803154276255,3.7660577337317678,1.5147848364542047,2.268977134106691,2.280351883662539,2.2234781358833002,3.2146925471541294,3.651826409370112,1.4661570982902001
Jaden McDaniels,5,Tracy McGrady,hof,3.016401155047917,3.0670976898235605,3.5007509556580976,1.3324846264854102,2.6124509694823055,2.900910500646053,1.4586128448273135,3.1930279804429014,3.695864362748238,1.1816824512215547
Jaden McDaniels,5,Kobe Bryant,hof,3.030870033145478,3.3239771292151783,3.7298602394165115,1.7004446884098459,2.37015110040435,2.682446830476704,1.120968180114935,3.2146759514811922,3.7824221711676627,0.9436910727353099
Jaden McDaniels,5,Ben Wallace,hof,3.109707974922374,3.299792496144907,3.6692574514736904,1.8219326748297728,2.9347175040945137,3.2709876297985625,1.5896370012783176,3.1021609497250378,3.3440971169022013,2.134416281016383
Jaden McDaniels,5,Dennis Rodman,hof,3.165143394843099,3.28097106711706,3.6854157868162076,1.6631921883204686,2.8776749728441957,3.261052219884964,1.3441659846811223,3.250963769705571,3.7033059044099255,1.4415952308881521
Jaden McDaniels,5,Tim Hardaway,hof,3.1830198873468305,4.258359499472731,5.035802257897858,1.148588465772224,2.9110722992610887,2.9228149516010733,2.86410168990115,2.781323875326751,3.081631210305194,1.5800945354129792
Jaden McDaniels,5,Tony Parker,hof,3.2055776358859664,3.8805259252570066,4.51876899752207,1.3275536361967522,2.6740779711189906,2.785272230456376,2.2293009337694474,3.133853323583934,3.7376032409907247,0.7188536539567695
Rob Dillingham,1,Kobe Brown,current_nba,3.136761493508489,4.233202097703345,5.291502622129181,0.0,2.7712812921102037,3.4641016151377544,0.0,2.7712812921102037,3.4641016151377544,0.0
Rob Dillingham,1,Dejounte Murray,current_nba,3.243941170480938,4.233202097703345,5.291502622129181,0.0,3.2,4.0,0.0,2.7712812921102037,3.4641016151377544,0.0
Rob Dillingham,1,Jalen Smith,current_nba,3.243941170480938,4.233202097703345,5.291502622129181,0.0,3.2,4.0,0.0,2.7712812921102037,3.4641016151377544,0.0
Rob Dillingham,1,Jordan Walsh,current_nba,3.3511208474533873,4.233202097703345,5.291502622129181,0.0,2.7712812921102037,3.4641016151377544,0.0,3.2,4.0,0.0
Rob Dillingham,1,Pat Connaughton,current_nba,3.3797958971132713,3.919183588453085,4.898979485566356,0.0,3.2,4.0,0.0,3.2,4.0,0.0
Rob Dillingham,1,Jordan Miller,current_nba,3.3797958971132713,3.919183588453085,4.898979485566356,0.0,3.2,4.0,0.0,3.2,4.0,0.0
Rob Dillingham,1,Georges Niang,current_nba,3.3797958971132713,3.919183588453085,4.898979485566356,0.0,3.2,4.0,0.0,3.2,4.0,0.0
Rob Dillingham,1,Gabe Vincent,current_nba,3.3797958971132713,3.919183588453085,4.898979485566356,0.0,3.2,4.0,0.0,3.2,4.0,0.0
Rob Dillingham,1,Trey Alexander,current_nba,3.4583005244258365,4.233202097703345,5.291502622129181,0.0,3.2,4.0,0.0,3.2,4.0,0.0
Rob Dillingham,1,Giannis Antetokounmpo,current_nba,3.4583005244258365,4.233202097703345,5.291502622129181,0.0,3.2,4.0,0.0,3.2,4.0,0.0
Rob Dillingham,1,Steve Nash,hof,3.3797958971132713,3.919183588453085,4.898979485566356,0.0,3.2,4.0,0.0,3.2,4.0,0.0
Rob Dillingham,1,Clyde Drexler,hof,3.539975229453219,4.233202097703345,5.291502622129181,0.0,2.7712812921102037,3.4641016151377544,0.0,3.577708763999664,4.47213595499958,0.0
Rob Dillingham,1,Kevin McHale,hof,3.539975229453219,4.233202097703345,5.291502622129181,0.0,2.7712812921102037,3.4641016151377544,0.0,3.577708763999664,4.47213595499958,0.0
Rob Dillingham,1,Chauncey Billups,hof,3.6471549064256683,4.233202097703345,5.291502622129181,0.0,3.2,4.0,0.0,3.577708763999664,4.47213595499958,0.0
Rob Dillingham,1,Vince Carter,hof,3.6471549064256683,4.233202097703345,5.291502622129181,0.0,3.2,4.0,0.0,3.577708763999664,4.47213595499958,0.0
Rob Dillingham,1,Pau Gasol,hof,3.6471549064256683,4.233202097703345,5.291502622129181,0.0,3.2,4.0,0.0,3.577708763999664,4.47213595499958,0.0
Rob Dillingham,1,Dirk Nowitzki,hof,3.6471549064256683,4.233202097703345,5.291502622129181,0.0,3.2,4.0,0.0,3.577708763999664,4.47213595499958,0.0
Rob Dillingham,1,Tony Parker,hof,3.6471549064256683,4.233202097703345,5.291502622129181,0.0,3.2,4.0,0.0,3.577708763999664,4.47213595499958,0.0
Rob Dillingham,1,Dwyane Wade,hof,3.6471549064256683,4.233202097703345,5.291502622129181,0.0,3.2,4.0,0.0,3.577708763999664,4.47213595499958,0.0
Rob Dillingham,1,Tim Hardaway,hof,3.6471549064256683,4.233202097703345,5.291502622129181,0.0,3.2,4.0,0.0,3.577708763999664,4.47213595499958,0.0
Anthony Edwards,5,Brandon Ingram,current_nba,2.0407547724519177,2.6740062030316816,3.2016670824727727,0.5633626852673174,1.7920316643656982,1.8893244796509996,1.4028604032244916,1.8484906112051454,2.1141674417409844,0.7857832890617888
Anthony Edwards,5,Devin Booker,current_nba,2.1283658351844332,2.980405155870099,3.4819127720003635,0.9743746913490379,2.168163617788501,2.3259996349854823,1.5368195490005767,1.6824472835395667,1.9745984446101907,0.5138426392570702
Anthony Edwards,5,CJ McCollum,current_nba,2.2316740163081814,3.29580752633395,3.8290229898027,1.1629456724589515,2.132633639134098,2.30257482481655,1.4528688964042888,1.7491274498823386,2.1044599618761133,0.32779740190723944
Anthony Edwards,5,Shai Gilgeous-Alexander,current_nba,2.288686345451125,2.8518885498186934,3.2241348315926373,1.3629034227229166,2.3567923242239583,2.6316065168995317,1.2575355535216644,1.9730322538809237,2.197247439044969,1.076171513224742
Anthony Edwards,5,Jamal Murray,current_nba,2.2887457563893703,3.388282537228063,3.923638492218113,1.2468587172678618,1.9769557924761292,2.163040773828127,1.2326158670681375,1.8948723479266447,2.2161793215208005,0.6096444535500207
Anthony Edwards,5,Giannis Antetokounmpo,current_nba,2.332925688853231,3.0559745010563826,3.409326413029542,1.6425668531637438,2.419711760230591,2.6998925822619695,1.2989884721050773,1.9280082470629745,2.078552095391473,1.3258328537489796
Anthony Edwards,5,Donovan Mitchell,current_nba,2.3720777905343997,3.199461182861321,3.6285037063186714,1.4832910890319206,2.246130061578471,2.4293108189493737,1.5134070320948596,2.021359958848903,2.2669597392971825,1.0389608370557826
Anthony Edwards,5,D'Angelo Russell,current_nba,2.3785609536674865,3.2925738358906225,3.907014510710769,0.8348111366100363,2.302242647735538,2.6571283195053788,0.8826999606561747,1.9597136655218923,2.2135021763541105,0.9445596221930186
Anthony Edwards,5,Tyrese Maxey,current_nba,2.3878464283042606,3.355526563561145,3.7791169378288743,1.6611650664902275,2.3932334342941193,2.689694505983761,1.2073891475355525,1.9013128576808889,2.131680169562322,0.9798436101551553
Anthony Edwards,5,De'Aaron Fox,current_nba,2.413610905121119,2.869703524928336,3.4084227322561844,0.7148266956169405,2.4132707423794404,2.6795354171496353,1.3482120432986593,2.1857346765883503,2.5571598270496745,0.7000340747430526
Anthony Edwards,5,Kobe Bryant,hof,2.149353328668808,2.624845396121521,2.789539219617042,1.9660701021394367,2.5682500589370094,2.6202169864427396,2.3603823489140874,1.7021589298083502,1.972108482465254,0.6223607191807343
Anthony Edwards,5,Ray Allen,hof,2.4139016981959314,3.1825107120928555,3.7656865771479824,0.849807251872349,2.2214576705013815,2.5715506753571695,0.8210856510782275,2.1258192050947438,2.5522584969395483,0.42006203771552475
Anthony Edwards,5,Tracy McGrady,hof,2.5138566593004494,3.2304338564710315,3.6215758121338446,1.66586603381978,2.7292262822379953,3.121559813544125,1.159892157013477,2.0478832492463854,2.3352993092224024,0.8982190093423169
Anthony Edwards,5,Chris Bosh,hof,2.5733596351633055,3.5589213385167855,4.294557857826885,0.6163752612763862,2.0564761169711634,2.3645870768838444,0.8240322773204398,2.3390205425826363,2.8246832605987757,0.3963696705180783
Anthony Edwards,5,Mitch Richmond,hof,2.598290422423579,3.299660410785482,3.5775038339586755,2.1882867180927077,2.708865956540264,2.9146383789337262,1.8857762669664142,2.192317661184285,2.503311684564639,0.9483415676628699
Anthony Edwards,5,Kevin Garnett,hof,2.603768939296705,3.097083239733036,3.5238482627164913,1.3900231477992155,2.8519681376030968,3.4333698954417784,0.5263611062483698,2.233012189925344,2.5806350870540333,0.842520601410585
Anthony Edwards,5,Dirk Nowitzki,hof,2.613654605296678,3.532637086765904,3.973573660607209,1.7688907914006837,1.785599774599981,1.89873754251187,1.3330487029524247,2.568190779910414,2.9678188409019315,0.9696785359443425
Anthony Edwards,5,Paul Pierce,hof,2.653194488949306,2.901855069668413,3.486418483101693,0.5636014159352926,2.480153160402497,2.282545751999435,3.2705827940147443,2.615384862863157,2.9174323445568664,1.407194936088318
Anthony Edwards,5,Tony Parker,hof,2.6562090144699493,3.388798641200457,4.152568115376174,0.33372074449758965,2.674919510957617,2.89650099539669,1.7885935732013247,2.280558952860861,2.694949788665541,0.6229956096421404
Anthony Edwards,5,Dwyane Wade,hof,2.799822488775744,3.112710876566804,3.753354199033977,0.55013758669811,2.575254310555891,2.8397236579280465,1.5173769210672678,2.7556623839901406,3.120353309553832,1.2968986817353738
Joe Ingles,11,Josh Hart,current_nba,2.6278764569973427,3.425963823657483,3.643243164009684,2.556846462248679,2.2865074284513445,2.3762336216512927,1.9276026556515526,2.399517287940272,2.723496609647042,1.1036000011131926
Joe Ingles,11,Larry Nance Jr.,current_nba,2.6547230080830775,3.478018350007426,3.8933237036550725,1.8167969354168394,2.8526024630643794,2.729561686188234,3.34476557056896,2.1441356096302524,2.317243879586525,1.451702529805162
Joe Ingles,11,Daniel Theis,current_nba,2.6570755964163233,2.7410145799067522,3.204290118926851,0.887912423826355,2.167948136290878,2.2992163749805807,1.642875181532069,2.859669834733832,3.39732788275377,0.7090376426540802
Joe Ingles,11,Bruce Brown,current_nba,2.6662123090885648,3.0545798648760027,3.245285011039306,2.2917592802227893,2.1317685221684988,2.1356766841995425,2.1161358740443235,2.7392504246548786,3.0268200928567084,1.5889717518475592
Joe Ingles,11,Steven Adams,current_nba,2.6934510864550427,3.0364483974999024,3.480087121630083,1.2618935009791798,2.880915005703755,3.1336144526503915,1.8701172179172083,2.428220471308257,2.633857029156951,1.6056742399134805
Joe Ingles,11,Cody Zeller,current_nba,2.6942645974964723,2.79300609503123,3.3396448049976963,0.6064512551653646,2.4304730308240727,2.475751676128733,2.2493584496054324,2.7767896320652934,3.131455283862797,1.3581270248752788
Joe Ingles,11,Josh Richardson,current_nba,2.714241407936453,3.119463945135255,3.375284505469176,2.0961817037995707,2.462354642214377,2.4750910158472403,2.4114091476829254,2.6375735221980894,3.01794599431378,1.116083633735327
Joe Ingles,11,Reggie Jackson,current_nba,2.7149443343391932,2.9367881524760526,2.8950860019333575,3.103596754646835,2.882938337531935,2.5948236264811033,4.035397181735261,2.520025423674393,2.683607601692026,1.8656967116038612
Joe Ingles,11,Kyle Anderson,current_nba,2.7246393571983463,3.07628772157455,3.2867758589716725,2.2343351719860594,2.8154782560322724,2.5239321962608243,3.981662495118064,2.5033957255932813,2.557589452583829,2.286620817631089
Joe Ingles,11,Nicolas Batum,current_nba,2.726239329585639,3.4373984841197274,3.673337634454556,2.4936418827804103,2.690547984480414,2.546094898224006,3.2683603295060464,2.388505424871207,2.881675192895445,0.4158263527742556
Joe Ingles,11,Tracy McGrady,hof,2.9930473512153197,3.7765450425860965,4.125764203878737,2.3796683974155335,2.4350855939942178,2.451191766802447,2.3706609027613004,2.880279384140483,3.241729742750245,1.4344779497014313
Joe Ingles,11,Ray Allen,hof,3.0108098672970316,3.572589863113771,3.9947308365610255,1.8840259693247514,2.2825108733910353,2.080960267383983,3.088713297419245,3.0940693663416603,3.3234440584297547,2.176570597989282
Joe Ingles,11,Grant Hill,hof,3.0232908726424097,3.5389228183158186,4.2476570536107685,0.7039858771360168,2.6313615291960413,2.589535150317169,2.7986670447115296,2.9614395715288895,3.3632030324822946,1.3543857277152689
Joe Ingles,11,Alonzo Mourning,hof,3.052602538862246,3.5738379629144514,4.139666792351352,1.3105226451668486,2.837422301012213,3.003410770817442,2.1734684217912954,2.8995749457611604,3.428611536418185,0.7834285831330614
Joe Ingles,11,Paul Pierce,hof,3.0839838593643294,3.767433795293716,4.406184626517832,1.2124304703972506,2.5520832065364294,2.325629305903511,3.4578988090681024,3.008209217813586,3.4875037527779384,1.0910310779561765
Joe Ingles,11,Chris Bosh,hof,3.1040338868335398,3.787480041498532,4.360910223587131,1.4937593131441365,2.7468716324905356,2.578829107302908,3.4190417332410443,2.9408919366725454,3.270625672741849,1.6219569923953312
Joe Ingles,11,Reggie Miller,hof,3.1098905471860334,3.469402129557606,3.814884615829634,2.087472184469493,2.4740701121283832,2.285601597174187,3.227944171945169,3.248044973529072,3.811396222796201,0.9946399764605574
Joe Ingles,11,Tony Parker,hof,3.1146162761323897,3.5584469930536122,3.890125983101402,2.231731032862452,2.7562246077919683,2.6859424037033164,3.0373534241465756,3.071896751841989,3.22614859366971,2.454889384531103
Joe Ingles,11,Tim Hardaway,hof,3.1234712721543665,3.6740964272726995,4.3736991201435815,0.8756856557891712,2.6327618987581385,2.4932175835989194,3.1909391593950156,3.093513381293314,3.4663934507948992,1.6019931032869725
Joe Ingles,11,Chris Webber,hof,3.1399067570870383,4.046720938745461,4.739541560815395,1.275438450465723,2.6642954031056894,2.7715821573105037,2.2351483862864314,2.9243053432485016,3.4121740461945533,0.9728305314642933
Josh Minott,3,Micah Potter,current_nba,2.5500785370074053,3.2358237772635623,3.8304624253100763,0.857269185077506,2.3934352140784614,2.629311734950399,1.449929130590711,2.2855275783437987,2.6238306389286667,0.9323153360043268
Josh Minott,3,Moussa Diabaté,current_nba,2.5734870601051094,3.0341289764057655,3.2577057547930024,2.139821862856816,3.3155559819456495,3.527071860035138,2.4694924695876956,1.9721316410345116,2.296123431191825,0.6761644804052572
Josh Minott,3,Tobias Harris,current_nba,2.6283394294562488,3.099320615052862,3.294268825234185,2.319527774327568,2.710653620103326,2.921094203953795,1.8688912847014485,2.3516917413344034,2.75111273222414,0.7540077777754559
Josh Minott,3,Obi Toppin,current_nba,2.6506224743266484,3.721840413302561,4.447062299835605,0.8209528671703834,2.7021503277545866,2.9318390021102236,1.7833956303320382,2.089249578124723,2.365490690821693,0.9842851273368417
Josh Minott,3,Jay Huff,current_nba,2.6834017464893196,3.476556855806635,4.1412050602873895,0.8179640378836159,2.589802631024292,2.4697710063757605,3.0699291296184184,2.3336237495631758,2.479030648892589,1.7519961522455234
Josh Minott,3,Jaden Springer,current_nba,2.6972018988883546,3.3685895649550206,3.5495313452197537,2.644822443896088,2.1489964366906684,2.013829143974428,2.6896656075556304,2.635610796953864,2.7557873504647503,2.154904582910318
Josh Minott,3,Pat Connaughton,current_nba,2.7602166456769774,3.8174751446239106,4.171622381630622,2.400886196597064,2.213031522586232,2.3060663091854963,1.8408923761891742,2.505179957748884,2.7738216358955072,1.430613245162388
Josh Minott,3,Bol Bol,current_nba,2.761708429867854,3.0458775323163274,3.2165053959890586,2.3633660776254013,2.452057561399846,2.7430322474332534,1.2881588172662166,2.7744493128776204,3.313664548531633,0.6175883702615685
Josh Minott,3,Sandro Mamukelashvili,current_nba,2.8177941653688983,3.1058925469567384,3.3216170545079464,2.2429945167519056,2.4743984721804972,2.909014496658154,0.7359343742698696,2.845442821169179,3.2078282777220575,1.395900994957664
Josh Minott,3,Tim Hardaway Jr.,current_nba,2.8196553612313293,3.964361454660609,4.719802869606876,0.9425957948755402,3.117032766914276,3.36845070035568,2.111361033148661,2.098613611675216,2.515023009574269,0.43297602007900354
Josh Minott,3,Tim Hardaway,hof,2.8372224460988926,4.202243891492812,5.1497372935760675,0.4122702831597901,2.949418669552325,3.096470938321108,2.3612095944771916,2.098613611675216,2.515023009574269,0.43297602007900354
Josh Minott,3,Steve Nash,hof,2.8776934169264137,4.149068604005392,4.732024947145493,1.8172432314449896,2.409932104515173,2.744315961676433,1.0723966758701329,2.475886479592545,3.023160103902571,0.2867919823524386
Josh Minott,3,Gary Payton,hof,3.161302271254324,4.27271261986442,5.143552655449249,0.7893524775251004,3.376087490087763,3.612147753425473,2.4318464367369232,2.498204487532557,2.881852167527949,0.9636137675509886
Josh Minott,3,Chauncey Billups,hof,3.190379964629033,4.238856090044082,5.201198017936502,0.3894883784743977,3.038629156797683,3.40721558622959,1.5642834390700544,2.7420173058371837,3.14503374427616,1.12995155208128
Josh Minott,3,Kobe Bryant,hof,3.195337555223706,3.918167834317122,4.411796457720585,1.943653340703272,2.7132217434932806,2.852612117109653,2.155660249027792,3.0749803215422107,3.5809861472994626,1.0509570185132024
Josh Minott,3,Arvydas Sabonis,hof,3.196858730352095,4.2607535592717,5.195928410004696,0.5200541563397175,2.2052204979467933,2.561034703639526,0.7819636751758627,3.160730432094943,3.852790400433404,0.3924905587410997
Josh Minott,3,Tracy McGrady,hof,3.276444359475093,4.140018594299111,4.84117171135783,1.335406126064232,2.9935792762740427,3.371786939791914,1.4807486222025565,2.9860897836636093,3.3192663207805553,1.6533836351958242
Josh Minott,3,Jason Kidd,hof,3.2832623727564902,4.0588701744169775,4.973128099635926,0.40183847354118246,3.1737410012460465,3.5860998270051057,1.5243056982098082,2.950219157681468,3.5488995844935283,0.5554974504332258
Josh Minott,3,Joe Dumars,hof,3.2899446595970367,4.201651941710018,5.042057147447714,0.8400311187592336,2.2162279134632152,2.371030299941407,1.5970183675504495,3.3709493916074567,3.7977895880700925,1.663588605756912
Josh Minott,3,Dikembe Mutombo,hof,3.295129609608521,4.236086432486719,5.171504700972456,0.4944133585437705,3.345027529183663,3.6646197573972468,2.0666586163293266,2.7997022383818515,3.3456854195187717,0.6157695138341698
Nickeil Alexander-Walker,10,Cameron Payne,current_nba,2.4324296319240934,2.8558532735949287,3.3888743522263907,0.7237689590690806,1.9410641020905905,2.343034056222739,0.33318428556199653,2.4664005760054275,2.723637269479919,1.4374538021074632
Nickeil Alexander-Walker,10,Svi Mykhailiuk,current_nba,2.5971207175724857,3.3840301479798884,4.025470720385897,0.8182678583558517,1.8924374088029212,2.143716132280559,0.8873225148923706,2.556007656753567,2.800585270524912,1.5776972016681856
Nickeil Alexander-Walker,10,Gary Payton II,current_nba,2.598076501004903,3.4614357098167283,3.95752431763403,1.4770812785475211,2.437957763428487,2.674027197520825,1.4936800270591353,2.246456265387199,2.691242055034423,0.46731310679830224
Nickeil Alexander-Walker,10,Jerami Grant,current_nba,2.628602219029875,3.2773619464878427,3.919856663846771,0.7073830770521293,1.8624606935987555,2.1865505949138537,0.5661010883383627,2.6872931180164508,2.947407083537665,1.6468372559315942
Nickeil Alexander-Walker,10,Patty Mills,current_nba,2.6329572879611507,2.9340146902353155,3.3163384357871157,1.4047197080281124,2.7194268553874017,2.9351172750326024,1.8566651768065978,2.4391938031109426,2.7542296572839975,1.179050386418724
Nickeil Alexander-Walker,10,Taurean Prince,current_nba,2.683348350531321,2.8797187904877455,3.4539330592331132,0.582861715506274,2.072745195731533,2.3357183078900756,1.0208527470973625,2.890464707953003,2.94759742761274,2.661933829314056
Nickeil Alexander-Walker,10,Zach LaVine,current_nba,2.684367636778931,3.5643417063992495,4.333514006825416,0.487652504694582,2.3678028337999613,2.700396631945762,1.0374276412167567,2.402663003458256,2.8222163558248603,0.7244495939918394
Nickeil Alexander-Walker,10,Jarred Vanderbilt,current_nba,2.68537281412714,3.2541857265539114,3.890262855284824,0.7098772116302585,2.2391339253861817,2.6343031015666307,0.6584572206643867,2.6240858022842333,3.063603396010596,0.8660154273787825
Nickeil Alexander-Walker,10,Doug McDermott,current_nba,2.6997893268601096,3.1978009087131323,3.8667541419699587,0.521987975685825,2.223477477212207,2.5713429959707583,0.8320154021780017,2.6889394607575494,2.9721947529545014,1.5559182919697412
Nickeil Alexander-Walker,10,Dario Šarić,current_nba,2.7377948506156993,3.765733827368095,3.9274775887181903,3.1187587819677134,2.176605091567531,2.568441865641948,0.609257995269863,2.5044202417635857,2.9680381902966126,0.6499484476314771
Nickeil Alexander-Walker,10,Chauncey Billups,hof,2.806986086899396,3.6295101331931514,4.366182260978703,0.6828216220509434,1.9685882040788876,2.3636547231703116,0.38832212771319163,2.8149230051627723,3.091846274864286,1.7072299263567174
Nickeil Alexander-Walker,10,Gary Payton,hof,2.9891097998114393,3.92753105860731,4.665329984247813,0.9763353560453004,2.4836055954755567,2.7633146171560266,1.3647695087536755,2.7726512725814456,2.8445633272032866,2.4850030540940824
Nickeil Alexander-Walker,10,Tim Hardaway,hof,3.00751752998642,3.9895484726652937,4.789948210949386,0.7879495195289242,2.6934874098782573,2.9454044507370503,1.685819246443085,2.6735171187010645,2.9627487003322885,1.5165907921761659
Nickeil Alexander-Walker,10,Patrick Ewing,hof,3.1082921653169455,3.944803113894424,4.820778261708003,0.44090252264010843,2.6542666225557285,2.9866264750542855,1.3248272125615013,2.9170494624088144,3.432576795340696,0.8549401306812884
Nickeil Alexander-Walker,10,Steve Nash,hof,3.1546458339031593,3.6029698036152755,4.0451838313071224,1.8341136928478867,2.422634431333783,2.9325603463480836,0.38293077127657893,3.2964895503317893,3.5755293295995836,2.180330433260611
Nickeil Alexander-Walker,10,Pau Gasol,hof,3.176064685158201,3.951235756086642,4.749413168547687,0.7585261062424616,2.52578192547758,2.916632037050813,0.9623814791846478,3.113620529534291,3.6178853657534473,1.0965611846576662
Nickeil Alexander-Walker,10,Grant Hill,hof,3.181784230108793,4.1183086591203075,4.797647134512707,1.4009547575507089,2.300551512732455,2.6662440875050204,0.8377812136421939,3.154138374291204,3.740607575060018,0.8082615712159459
Nickeil Alexander-Walker,10,Chris Bosh,hof,3.2462170566699333,3.7128395909043883,4.519482048854957,0.4862697591021123,2.4570673012858157,2.920145372318058,0.6047550171568472,3.4074806672447644,3.9019841000186375,1.4294669361492705
Nickeil Alexander-Walker,10,Jason Kidd,hof,3.2699959608703724,3.965682578443932,4.795468210175203,0.646540051518847,2.5199275970202795,2.8433151583001104,1.226377351900955,3.297186834008639,3.77931952097818,1.3686560861304753
Nickeil Alexander-Walker,10,Reggie Miller,hof,3.2740190128825795,3.4839722236829,4.171925070959878,0.7321608345749875,2.826472091758072,3.2390407227450693,1.1761975678100827,3.3928158680446736,3.814814774916485,1.7048202405574284
Mike Conley,20,Kyle Lowry,current_nba,2.5098966602032187,3.1423836430513123,3.592313105694541,1.3426657924783971,2.5020145866770824,2.4205318571169308,2.8279455049176896,2.19759420554224,2.2201656307637294,2.1073085046562823
Mike Conley,20,Reggie Jackson,current_nba,2.66882533718501,2.954200213867081,3.542951707575279,0.599194239034289,2.8113207797332738,2.7005213696160215,3.254518420202282,2.454890177569843,2.8051611575161646,1.0538062577845566
Mike Conley,20,Tobias Harris,current_nba,2.8297724235997466,3.6667914349804818,4.099655062330808,1.9353369255791737,2.4135423969381744,2.503667209134385,2.05304314815333,2.619377931240165,3.083125908201192,0.7643860233960573
Mike Conley,20,James Harden,current_nba,2.8529369742870934,3.5009110989204695,3.917085892474583,1.8362119247040138,2.6237289572684475,2.7328941188893277,2.1870683107849267,2.643553920479728,2.9426394868578925,1.4472116549670688
Mike Conley,20,Chris Paul,current_nba,2.882700354323481,3.3274220630126448,3.857610313541598,1.2066690608968333,2.4930499663775136,2.8558354316400263,1.0419081053274621,2.855164693951883,3.1716528423510573,1.589212100355185
Mike Conley,20,Patty Mills,current_nba,2.898438907066737,3.755231583215846,4.518450816173004,0.7023546513872112,1.8278272021754918,1.9186793906736603,1.464418448182817,3.0053484214378043,3.315024768658642,1.7666430325544542
Mike Conley,20,Alec Burks,current_nba,2.903619315786968,3.2817183565221146,3.9555469893127855,0.5864038253594289,1.9470745049192286,2.169757382456475,1.0563429947702425,3.192842200853264,3.413975693321899,2.3083082309787217
Mike Conley,20,Jeff Green,current_nba,2.9299868638879847,3.5450591242687164,4.143488996123726,1.1513396368486775,2.4783878356649356,2.526130441495825,2.2874174123413775,2.848250247809143,3.3387634918828466,0.8861972715143283
Mike Conley,20,DeAndre Jordan,current_nba,2.9585897692706267,3.559630280266203,4.319092972285975,0.5217795121871143,2.916288226916467,3.5620022664672724,0.33343206871324693,2.6792202849499183,3.148512227439293,0.8020525149924203
Mike Conley,20,Garrett Temple,current_nba,2.999824152120845,3.7108901707506505,4.484266091671019,0.6173864870691758,1.9962926482628518,2.3388921752583833,0.6258945402807246,3.1460568947349388,3.7337467544990908,0.7952974556783302
Mike Conley,20,Chauncey Billups,hof,2.5861403995778494,3.2514476204206852,3.6848198764892692,1.5179585961463506,2.34537638790442,2.593500370232637,1.3528804585915533,2.3738687949931454,2.7249097449165407,0.9697049952995629
Mike Conley,20,Ray Allen,hof,2.6400237198311016,3.1350723251536547,3.6396330823273013,1.1168292964590674,2.527331705039979,2.680853711708415,1.9132436783662374,2.448845424565386,2.767122179788607,1.1757384036725003
Mike Conley,20,Jason Kidd,hof,2.67146982714043,3.591289968077612,4.38697789325054,0.408538267385898,2.588209504264059,2.6726971020667634,2.2502591130532426,2.253189918110025,2.7116414468774623,0.4193838030402743
Mike Conley,20,Kevin Garnett,hof,2.7694619153761515,3.207262331725617,3.7658896995878033,0.9727528602768702,2.5492302849652018,2.850349898156861,1.3447518321985656,2.660677522406893,3.0596274135598938,1.0648779577948901
Mike Conley,20,Allen Iverson,hof,2.7849573618574572,3.720886106864248,4.042283687964157,2.4352957824646104,1.968772630846724,2.1380488920052523,1.2916675862126104,2.725085354859428,2.838183005011404,2.272694754251523
Mike Conley,20,Dirk Nowitzki,hof,2.796124661405573,3.2791386820812387,3.907914053956438,0.7640371945804407,2.6528124637233086,2.6830135715116192,2.532008032570065,2.626273749908872,3.194887589382251,0.3518183920153549
Mike Conley,20,Vince Carter,hof,2.8306529090475596,3.4220990888458136,3.836128483373364,1.7659815107356098,2.243882899449816,2.4644831977741353,1.3614817061525388,2.828314823947304,3.1936575025856833,1.3669441093937873
Mike Conley,20,Kobe Bryant,hof,2.8990420669558583,3.3572254201167198,3.875006411998246,1.2861014525906143,2.706065748356038,2.6791638568799896,2.8136733142602335,2.766438549675338,3.0477379721199727,1.6412408598968002
Mike Conley,20,Pau Gasol,hof,3.12460174232797,3.8593900601261777,4.2060232068237715,2.4728574733358015,2.830560855375536,3.0573932157693955,1.923231413800097,2.9042280269050837,3.2809671423480204,1.3972715651333352
Naz Reid,6,Jaylen Brown,current_nba,2.4031929916818466,3.3372180138653063,3.7703046600821586,1.6048714289978976,2.1439695985990666,2.2535961402418807,1.705463432027811,2.065792177131507,2.129958133029436,1.8091283535397895
Naz Reid,6,Cody Zeller,current_nba,2.4440752691061176,3.0393751052058917,3.581706599957297,0.8700491262002689,1.6691957857160475,1.891832578132262,0.7786486160511901,2.5338650927512663,2.895445703056796,1.0875426515291475
Naz Reid,6,Jae Crowder,current_nba,2.4787321752645384,3.0147724148681636,3.5500402013876564,0.8737012687901925,2.4307767315236886,2.7881393791708855,1.0013261409349001,2.2346897773331507,2.529652382147288,1.0548393580766002
Naz Reid,6,Grayson Allen,current_nba,2.504951812171858,3.226268091370755,3.6596300998377966,1.4928200575025894,2.15283568875682,2.4189891080306833,1.0882220116613672,2.3203517342799285,2.572663693232653,1.3111038984690302
Naz Reid,6,Richaun Holmes,current_nba,2.515869284704645,2.4870778530442292,2.7927247888081315,1.2644901099886205,2.241744883563947,2.713408842275219,0.3550890487188581,2.6673272011052025,3.0575170588298732,1.1065677702065186
Naz Reid,6,Ivica Zubac,current_nba,2.573821153948405,3.1837272995111814,3.6194210579787502,1.440952265640904,2.413734712655,2.9707471939425374,0.18568478750485207,2.348911301813719,2.7725529302552867,0.6543447880474468
Naz Reid,6,Dwight Powell,current_nba,2.5841819611015424,3.3812335940791267,3.9614898947059274,1.0602083915719234,2.379678653955814,2.548780319361165,1.7032719923344113,2.2879077981856137,2.725617633623251,0.5370684564350634
Naz Reid,6,Nikola Vučević,current_nba,2.594287181366156,3.134698781985059,3.5903875267078216,1.311943803094009,2.3444395282917334,2.637480258231711,1.1722766085318208,2.4490052075939155,2.4133170573758354,2.591757808466235
Naz Reid,6,Lauri Markkanen,current_nba,2.600888217790957,3.391462612404006,4.068576906193365,0.6830054372465695,2.346462011273499,2.7235756805799993,0.8380073340474962,2.3328141237431614,2.6261711702095027,1.1593859378777962
Naz Reid,6,Spencer Dinwiddie,current_nba,2.6208403531669067,3.279576072585138,3.817462669404499,1.1280296853076943,2.3502122214599397,2.648502547401495,1.1570509176937187,2.426786559311274,2.8303770329155715,0.812424664894084
Naz Reid,6,Dirk Nowitzki,hof,2.7785349244031052,3.63499858841589,4.180175262182987,1.4542918933475038,2.063487406247673,2.4224628707996096,0.6275855480399257,2.7078268514744286,3.0607983857673573,1.295940714302713
Naz Reid,6,Tony Parker,hof,2.783363680853902,3.9510672601716545,4.779519731298638,0.6372573756637198,1.8575230642976213,2.2212545171541906,0.40259725287134246,2.6624321994731663,2.9582721483633905,1.4790724039122698
Naz Reid,6,Steve Nash,hof,2.849122732499543,3.566342792123587,4.099581872232357,1.433386471688504,2.46951747423616,2.9152867470174257,0.6864403831110966,2.6803153318192128,3.037529278963193,1.2514595432432905
Naz Reid,6,Chris Bosh,hof,2.876171689283498,3.8514672243461265,4.5825470164749875,0.9271480558306819,2.1667636548026286,2.397749881973368,1.2428187461196711,2.7432279389926193,2.9671107708623077,1.8476966115138649
Naz Reid,6,Tracy McGrady,hof,2.904366509759749,3.3790427828254463,3.838811626115524,1.539967409665136,2.253601816951986,2.559183805248152,1.0312738637673187,2.992410719630782,3.1502797250142103,2.3609346980970676
Naz Reid,6,Ben Wallace,hof,2.9364323401115895,3.3214745165939425,3.6513889155434534,2.0018169207958993,2.736986373743657,3.207670833522957,0.8542485346264548,2.8436342350543793,3.08272609033965,1.8872668139132969
Naz Reid,6,Vlade Divac,hof,2.9942004510242475,3.4794874655343535,4.059502257850833,1.1594282962684352,2.4245771754924754,2.6069489956045504,1.6950898950441746,3.03636858153508,3.5382207883917887,1.0289597541082445
Naz Reid,6,Chris Mullin,hof,2.995208340941941,3.7193745637934166,4.398543207260443,1.0026999899253115,2.458909024205559,2.8162049743004456,1.0297252238260117,2.901274887884395,3.3114111149665058,1.2607299795559512
Naz Reid,6,Ray Allen,hof,3.0120166753345514,3.8084536108269065,4.613380437091925,0.5887463057668317,2.386532712369884,2.725305006168636,1.0314435371748747,2.9265401890707077,3.3369508788738513,1.2848974298581315
Naz Reid,6,Jason Kidd,hof,3.0683620188785246,3.908711943921422,4.694500393638706,0.7655581450522861,2.5434293746606147,2.9959992456470075,0.7331498907150442,2.910653378466031,3.459734346667594,0.7143295056597795
Tristen Newton,3,Georges Niang,current_nba,2.877263612183281,3.002842609766281,3.3050266328908386,1.7941065172680482,2.647633386076067,2.8511727234486366,1.8334760365857876,2.9292892264453885,3.251092512606366,1.6420760818014783
Tristen Newton,3,Jordan Goodwin,current_nba,2.916190907244455,3.2341420405954024,3.6215608797982917,1.684466683783846,3.239422230419485,3.436092544875392,2.4527409725958584,2.5955996789814657,2.874323841726488,1.480703028001377
Tristen Newton,3,PJ Dozier,current_nba,2.95888531344864,3.1660889531933107,3.428784977844227,2.115304854589645,3.132728599976902,3.563640416367221,1.409081334415626,2.7683618503121736,3.0424335706653225,1.672074968899577
Tristen Newton,3,Chris Boucher,current_nba,2.966879417423535,3.456203477885281,3.712410804374972,2.4313741719265143,3.2855682364450063,3.480625160775727,2.5053405391221246,2.562872977681926,2.92842978068076,1.1006457656865898
Tristen Newton,3,Brandon Williams,current_nba,3.0264420638294283,3.3136174276085093,3.5530260470053263,2.3559829500212404,2.984838361819457,3.5189972867992836,0.8482026619001497,2.903656232944873,3.1951071384540715,1.7378526109080774
Tristen Newton,3,Justin Minaya,current_nba,3.0297364685278234,3.359733728246283,3.4890297770441605,2.842549533054773,2.79150324816667,3.1703006827822438,1.2763135097043738,2.9838544488491707,3.3548213042015846,1.499987027439514
Tristen Newton,3,Kai Jones,current_nba,3.038723380676825,2.8511544128158715,3.329854855259159,0.9363526430427207,3.1685265584789186,3.621735015981034,1.3556927284704572,3.0676062757062548,3.5584533635889457,1.1042179241754915
Tristen Newton,3,Maxwell Lewis,current_nba,3.040482207069756,3.4673909318173304,3.7930840207842773,2.1646185759495418,2.7306332729658696,2.8359221578620946,2.3094777333809695,2.981952311747912,3.30818868444181,1.6770068209723206
Tristen Newton,3,Mason Jones,current_nba,3.077922498190824,3.7558853948127844,4.534478245549588,0.6415139918655702,3.047686182777411,3.700501989895091,0.43642295430669165,2.7540592075865504,3.1543878397136673,1.1527446790780813
Tristen Newton,3,Moses Brown,current_nba,3.0788728409477084,2.9270427436792463,3.5118917908090546,0.5876465551600134,2.7032303755498557,3.154190009107993,0.8993918413173063,3.3426091222808654,3.7578526204933778,1.6816351294308152
Tristen Newton,3,Ben Wallace,hof,3.2479432124922427,3.6774686852640306,4.07944083602487,2.0695800822206722,2.671253958376574,3.1056277758983923,0.9337586882893014,3.3215251031641837,3.8143027664703815,1.3504144499393926
Tristen Newton,3,Gary Payton,hof,3.2528860474869834,4.261469113599769,5.211698123475711,0.4605530740959978,2.9505120403398717,3.4549551594242245,0.9327395640024607,2.899781518004146,3.2597556163176145,1.4598851247502722
Tristen Newton,3,Tim Hardaway,hof,3.3335246644447847,4.259007089745434,5.2462571945722,0.3100066704383679,3.0111455252883434,3.659333858504276,0.4183921924246127,3.0319730213726808,3.425467285937362,1.457995963113954
Tristen Newton,3,Steve Nash,hof,3.3430440824056262,3.8588273735086593,4.419612588199575,1.6156865147449972,2.966337371970272,3.637341128080729,0.28232234752844443,3.273505792071787,3.766594286530122,1.3011518142384457
Tristen Newton,3,Patrick Ewing,hof,3.3851043379667387,4.26346815044956,5.248718256916428,0.3224677245820883,2.52724869214143,2.9425356467417902,0.8661008737399902,3.374850254637982,3.792247200645568,1.7052624706076394
Tristen Newton,3,Chauncey Billups,hof,3.4148554332101844,4.216489806989353,5.204875050315987,0.262948833682813,3.003101987004354,3.667745160397217,0.3445292934329015,3.2199149694235154,3.500331238218832,2.0982498942422483
Tristen Newton,3,Dino Radja,hof,3.4601329582291553,4.260796043008369,5.20550726543753,0.48195115329172766,2.5250637374578475,3.079726422146802,0.3064129987020282,3.527336026225202,4.009210427206773,1.5998384222989177
Tristen Newton,3,Dikembe Mutombo,hof,3.4711613881195156,4.267307866619492,5.215250100506188,0.47553893107270684,2.5801407004009542,3.1111219580274714,0.45621566989488316,3.518598492728808,4.103257968838806,1.1799605882888158
Tristen Newton,3,Karl Malone,hof,3.4949300175190614,4.261977509980117,5.214194550615692,0.45310934743781633,2.580256096436216,3.1096518160470477,0.46267321799288774,3.5687432318299566,4.047427508002953,1.6540061271379696
Tristen Newton,3,David Robinson,hof,3.5052756719010585,4.262518999539976,5.258255539110471,0.2795728412579971,2.9685871873415497,3.4937131323257256,0.8680834074048449,3.3949982503613545,3.9057420105456457,1.3520232096241895
Jaylen Clark,1,PJ Hall,current_nba,3.058256866195924,3.919183588453085,4.898979485566356,0.0,2.7712812921102037,3.4641016151377544,0.0,2.7712812921102037,3.4641016151377544,0.0
Jaylen Clark,1,Sidy Cissoko,current_nba,3.243941170480938,4.233202097703345,5.291502622129181,0.0,3.2,4.0,0.0,2.7712812921102037,3.4641016151377544,0.0
Jaylen Clark,1,Dyson Daniels,current_nba,3.243941170480938,4.233202097703345,5.291502622129181,0.0,3.2,4.0,0.0,2.7712812921102037,3.4641016151377544,0.0
Jaylen Clark,1,Taj Gibson,current_nba,3.243941170480938,4.233202097703345,5.291502622129181,0.0,3.2,4.0,0.0,2.7712812921102037,3.4641016151377544,0.0
Jaylen Clark,1,Jett Howard,current_nba,3.243941170480938,4.233202097703345,5.291502622129181,0.0,3.2,4.0,0.0,2.7712812921102037,3.4641016151377544,0.0
Jaylen Clark,1,KJ Martin,current_nba,3.243941170480938,4.233202097703345,5.291502622129181,0.0,3.2,4.0,0.0,2.7712812921102037,3.4641016151377544,0.0
Jaylen Clark,1,Jordan Miller,current_nba,3.243941170480938,4.233202097703345,5.291502622129181,0.0,3.2,4.0,0.0,2.7712812921102037,3.4641016151377544,0.0
Jaylen Clark,1,Taurean Prince,current_nba,3.243941170480938,4.233202097703345,5.291502622129181,0.0,3.2,4.0,0.0,2.7712812921102037,3.4641016151377544,0.0
Jaylen Clark,1,Jalen Pickett,current_nba,3.3511208474533873,4.233202097703345,5.291502622129181,0.0,2.7712812921102037,3.4641016151377544,0.0,3.2,4.0,0.0
Jaylen Clark,1,Cole Swider,current_nba,3.3511208474533873,4.233202097703345,5.291502622129181,0.0,2.7712812921102037,3.4641016151377544,0.0,3.2,4.0,0.0
Jaylen Clark,1,Tim Hardaway,hof,3.4583005244258365,4.233202097703345,5.291502622129181,0.0,3.2,4.0,0.0,3.2,4.0,0.0
Jaylen Clark,1,Patrick Ewing,hof,3.4583005244258365,4.233202097703345,5.291502622129181,0.0,3.2,4.0,0.0,3.2,4.0,0.0
Jaylen Clark,1,Kobe Bryant,hof,3.539975229453219,4.233202097703345,5.291502622129181,0.0,2.7712812921102037,3.4641016151377544,0.0,3.577708763999664,4.47213595499958,0.0
Jaylen Clark,1,Arvydas Sabonis,hof,3.539975229453219,4.233202097703345,5.291502622129181,0.0,2.7712812921102037,3.4641016151377544,0.0,3.577708763999664,4.47213595499958,0.0
Jaylen Clark,1,Chauncey Billups,hof,3.6471549064256683,4.233202097703345,5.291502622129181,0.0,3.2,4.0,0.0,3.577708763999664,4.47213595499958,0.0
Jaylen Clark,1,Vince Carter,hof,3.6471549064256683,4.233202097703345,5.291502622129181,0.0,3.2,4.0,0.0,3.577708763999664,4.47213595499958,0.0
Jaylen Clark,1,Pau Gasol,hof,3.6471549064256683,4.233202097703345,5.291502622129181,0.0,3.2,4.0,0.0,3.577708763999664,4.47213595499958,0.0
Jaylen Clark,1,Dirk Nowitzki,hof,3.6471549064256683,4.233202097703345,5.291502622129181,0.0,3.2,4.0,0.0,3.577708763999664,4.47213595499958,0.0
Jaylen Clark,1,Tony Parker,hof,3.6471549064256683,4.233202097703345,5.291502622129181,0.0,3.2,4.0,0.0,3.577708763999664,4.47213595499958,0.0
Jaylen Clark,1,Dwyane Wade,hof,3.6471549064256683,4.233202097703345,5.291502622129181,0.0,3.2,4.0,0.0,3.577708763999664,4.47213595499958,0.0
Rudy Gobert,12,DeAndre Jordan,current_nba,2.234102535369103,2.371164591598124,2.657795131002852,1.2246424339792128,2.17334996564222,2.29592525832193,1.6830487949233794,2.1959477921180333,2.5654479508460812,0.7179471572058402
Rudy Gobert,12,Dwight Powell,current_nba,2.7559025567467286,3.5533683123524575,4.141150102017463,1.202241153692436,2.531547284819687,2.793320201499767,1.4844556180993678,2.469347314907385,2.8171607419249844,1.0780936068369875
Rudy Gobert,12,Alex Len,current_nba,2.8128758724657326,3.4297603139805424,3.96761461538493,1.278343108362991,2.6263937240495006,2.93104024660987,1.4078076338080219,2.5976747259164434,3.0737476332692193,0.69338309650534
Rudy Gobert,12,Draymond Green,current_nba,2.8328551274378446,3.1588260583230388,3.7126933181371213,0.9433570190667081,3.054391553856634,3.483520537716877,1.3378756184156608,2.5591014487858534,2.931041401306349,1.0713416387038706
Rudy Gobert,12,Larry Nance Jr.,current_nba,2.8488926796581033,3.6813650597578347,4.175979116172479,1.7029088340992578,2.811837153687201,3.1510544751535217,1.4549678678219176,2.451184252593689,2.955732000463995,0.43299326111246594
Rudy Gobert,12,Nikola Vučević,current_nba,2.877171099288079,2.713332759562809,3.151318898122725,0.9613882053231434,2.868473168578065,3.329230953775509,1.025442027788289,2.9634392345057208,3.3879161688728465,1.265531497037219
Rudy Gobert,12,Kevin Love,current_nba,2.8841609820929177,3.1895054279469774,3.596597724154131,1.5611362431183629,3.239088666971286,3.6887501078010794,1.4404429036521107,2.5540249167267035,2.9516698779931496,0.9634450716609171
Rudy Gobert,12,Thomas Bryant,current_nba,2.8901984625141504,3.5067966107641886,4.153447618428586,0.9201925801066005,2.459604786737057,2.886312945560993,0.7527721514413115,2.7971962262776784,3.242158822022118,1.017345843299919
Rudy Gobert,12,Richaun Holmes,current_nba,2.906168320092502,3.5509961287846634,3.949392541988196,1.9574104759705306,2.296752608197911,2.622450597656252,0.993960650364545,2.888462271693717,3.241755118881837,1.475290882941236
Rudy Gobert,12,Giannis Antetokounmpo,current_nba,2.9126110586206746,3.3675383082613544,3.8842274851738274,1.3007816006114603,2.8196439936591378,3.0547424490635557,1.879250172041465,2.731630966281103,3.05270635099525,1.4473294274245148
Rudy Gobert,12,Ben Wallace,hof,2.522510226216456,2.617303792488324,3.112137631569675,0.6379684361629201,2.8560955101030014,3.389816352155076,0.7212121418947017,2.3083208011372487,2.7112202412531103,0.6967230406738005
Rudy Gobert,12,Dirk Nowitzki,hof,2.896800931051681,3.1499413836620893,3.7277231908032924,0.8388141550972755,3.0561297157033476,3.5833971575401287,0.947059948356221,2.6905663124206436,3.1483103242017347,0.8595902652962785
Rudy Gobert,12,Steve Nash,hof,2.9399493719002767,3.1897321704857085,3.706997554938955,1.1206706326727194,2.948211262128052,3.498440423970768,0.7472946147571877,2.8109270274936735,3.2254683343191797,1.152761800191648
Rudy Gobert,12,Dikembe Mutombo,hof,2.957870578413016,3.879631326178341,3.796848827722993,4.210761319999734,2.4529421638470534,2.6304763964651614,1.7428052333746213,2.749454411813334,2.7843136963796735,2.6100172735479763
Rudy Gobert,12,Tracy McGrady,hof,3.004783345013294,3.302260738828921,3.899889640075484,0.9117451338426668,3.2607810344098795,3.712925935195374,1.4522014312679006,2.728045803407188,3.174835639235957,0.9408864600921119
Rudy Gobert,12,Chris Bosh,hof,3.02769262861546,3.472287778510325,3.895122995436246,1.7809469108066398,3.110734573386643,3.54676708337591,1.3666045334295733,2.7638740812824363,3.0889975569483443,1.463380178618804
Rudy Gobert,12,Kevin Garnett,hof,3.1064774302223226,3.3685634804777775,3.973479956930465,0.9488975746670282,3.183423181894418,3.6458337838972867,1.3337807738829421,2.936961529258548,3.4390291137298106,0.9286911913734972
Rudy Gobert,12,Kobe Bryant,hof,3.1274520238550103,3.5574353119901576,4.222944746509806,0.895397573911562,3.2545216994843944,3.76143711954751,1.2268600192319312,2.8489255419727444,3.326102916642824,0.9402160432924263
Rudy Gobert,12,Tony Parker,hof,3.130695127802073,3.885933123823001,4.457761079863318,1.598621299661731,2.9144898663619063,3.5021251928213144,0.5639485605242719,2.861178760511692,3.3613000043962344,0.8606937849735207
Rudy Gobert,12,Gary Payton,hof,3.15722920640573,3.8063503689612226,4.524286107737741,0.9346074138551473,3.022232608202541,3.4688058657977625,1.2359395778216546,2.9001669242295773,3.150895233351917,1.8972536877402173
Julius Randle,11,Terry Rozier,current_nba,2.0421826471643882,2.5323738769035886,3.0064419564494202,0.6361015587202603,1.8443556786164144,1.7858764476746385,2.0782726023835174,1.896000516568775,1.9324866540578547,1.750055966612456
Julius Randle,11,DeMar DeRozan,current_nba,2.0540680392830444,2.6373067603315876,3.0808327865758476,0.8632026553545481,2.524344811102575,2.271938164538266,3.5339713973598097,1.5273102928490068,1.5094851820723152,1.5986107359557722
Julius Randle,11,Nikola Vučević,current_nba,2.088591943544929,2.4970385983710237,2.9785495459949116,0.5709948078754717,2.056387949601344,1.8844109022356073,2.7442961390642915,1.9004706131036742,1.9490508062508978,1.7061498405147795
Julius Randle,11,CJ McCollum,current_nba,2.1361240332101508,2.450117523680059,2.9467197028573264,0.4637088069709875,2.385579252435048,2.096851782648137,3.5404891315826914,1.8543996783627485,1.9994768504335887,1.274090990079388
Julius Randle,11,Domantas Sabonis,current_nba,2.1548964282804275,2.0871933946727568,2.3626504733143974,0.9853650801061941,2.2915206612135903,2.3136994354791995,2.202805564151153,2.1204358286176817,2.3134005704979335,1.348576861096674
Julius Randle,11,Pascal Siakam,current_nba,2.1869556985535885,2.3957588144245343,2.7149290080587956,1.1190780398874887,2.3100879171730377,2.236166544798348,2.6057734066717972,2.020988031308391,2.0762465857255163,1.79995381363989
Julius Randle,11,Bradley Beal,current_nba,2.2647294289436424,3.007557295626353,3.349035111271391,1.6416460330462004,2.2475166693018296,2.0148274731615805,3.178273453862826,1.9019218754231935,1.8417091075514476,2.1427729469101773
Julius Randle,11,Khris Middleton,current_nba,2.2848222166132297,2.6748884645452384,3.0342777200521125,1.2373314425177415,2.5791807561470907,2.2719436000170026,3.808129380667445,1.9426098228802948,1.9935089266146067,1.7390134079430475
Julius Randle,11,Zach LaVine,current_nba,2.304325571844644,2.789876863267675,3.0672383208825575,1.6804310328081453,2.3511282854458915,2.248626790406463,2.761134265603604,2.038148569332505,1.9142326666583604,2.533812180029085
Julius Randle,11,Reggie Jackson,current_nba,2.3864832047522007,2.96190276132386,3.3773414543844087,1.3001479890816665,2.109117649980073,1.939256283775743,2.7885631147973915,2.237456203852435,2.2433389672187616,2.213925150387127
Julius Randle,11,Kobe Bryant,hof,2.413748655846561,2.6050823830053336,3.120422713697563,0.5437210602364148,2.161656663310383,1.7489716680110836,3.8123966445075808,2.4441277885352637,2.626176598628772,1.71593254816123
Julius Randle,11,Dirk Nowitzki,hof,2.4696251233862005,2.810773191196059,3.2278060072722212,1.1426419268914112,2.051779262286705,1.9053947276465122,2.637317400847477,2.5079740200310185,2.6795493991415054,1.8216725035890726
Julius Randle,11,Gary Payton,hof,2.528996674890032,3.194204501653314,3.6940613031171625,1.1947772957979192,1.9258806852930634,1.8411900164653152,2.2646433606040564,2.497950756306875,2.8214573044002793,1.2039245639332572
Julius Randle,11,Kevin Garnett,hof,2.5388101078326235,2.9869799749002373,3.4791947285368465,1.0181209603537982,2.3935314885292875,2.068085014721938,3.6953173837586863,2.387364483950485,2.58078416312112,1.6136857672679419
Julius Randle,11,Steve Nash,hof,2.546740153807859,2.7579370192178447,3.1828071213846596,1.0584566105505844,2.4011608538833005,2.378722660375996,2.49091362791252,2.5139313710651456,2.7785349082914093,1.45551722216009
Julius Randle,11,Tracy McGrady,hof,2.5569559008870226,2.6511274373308313,3.0850893707914184,0.9152797034884836,2.630526812871372,2.111335788916261,4.707290908691816,2.4730846766729435,2.689051564012773,1.609217127313626
Julius Randle,11,Ray Allen,hof,2.664917629262929,3.3110091529727135,3.6448185560830892,1.9757715405312113,2.512920948868911,2.1772197690777415,3.8557256680335867,2.4178702076050462,2.431575647157333,2.363048449395898
Julius Randle,11,Tony Parker,hof,2.692611747901945,3.513463466367931,3.866312502280364,2.102067322718198,2.374363980667588,2.0186052878335947,3.797398752003561,2.4413097722861306,2.6730231357906633,1.5144563182679984
Julius Randle,11,Ben Wallace,hof,2.768634002742785,3.1717743359945696,3.6805660271421488,1.1366075714042518,2.461230298536736,2.615907555132857,1.842521272152252,2.7207656882199176,2.97116882390539,1.7191531454780278
Julius Randle,11,Tim Hardaway,hof,2.7982579321632555,3.917565744604714,4.259181280384635,2.5511036014850283,2.5135659504301557,2.117611615261305,4.097383291105557,2.380950016809076,2.38125064406827,2.3797475077723
Leonard Miller,2,Reece Beekman,current_nba,2.7003451272755,3.680337088917014,4.213066850323487,1.5494180432911218,2.3241360013354275,2.5243433269512425,1.5233066988721662,2.398453709424779,2.8061558892950336,0.7676449899437591
Leonard Miller,2,Jamal Cain,current_nba,2.7515850270964015,3.7201121775064,4.321519386084055,1.3144833431957814,2.31396310494677,2.35750451864139,2.1397974501682917,2.486132412966218,2.6821664042811184,1.7019964477066178
Leonard Miller,2,Trevelin Queen,current_nba,2.7626044039224626,4.202268153334171,4.8763149957011205,1.5060807838663723,1.7448006384038348,1.891197475878846,1.15921328850379,2.551674411975922,2.80602162250621,1.5342855698547693
Leonard Miller,2,Jaylen Martin,current_nba,2.7772410034524775,4.129028205386858,4.772322798089428,1.555849834576575,2.0687330080148336,2.3414635018920897,0.9778110325058089,2.4556014002041096,2.7151682741979273,1.4173339042288395
Leonard Miller,2,Ricky Council IV,current_nba,2.8189558278155262,3.6167212783090386,4.1867930177892605,1.3364343203881501,2.32789240031985,2.360915707659535,2.1957991709611098,2.6656048163166086,2.8057597772038516,2.1049849727676366
Leonard Miller,2,Cole Swider,current_nba,2.8319517877176743,3.467978747526095,4.023331833748058,1.2465664026382401,2.7703037254276843,2.8614065130154502,2.4058925750766207,2.5447623389584586,2.825097923888101,1.4234199992398888
Leonard Miller,2,Duop Reath,current_nba,2.832309350812544,3.2827809044083973,3.5382466842294504,2.2609177851241844,2.499475717195753,2.537223058413019,2.34848635232669,2.7734903908230133,2.9256144385162397,2.164994200050109
Leonard Miller,2,Jacob Toppin,current_nba,2.8549259777283984,3.8785777547217437,4.320105864763784,2.1124653145535834,1.989814387855517,2.1078687607011055,1.5175968964731623,2.7756558841681667,3.0680868091499196,1.6059321842411542
Leonard Miller,2,D.J. Carton,current_nba,2.879177420624261,3.9666768851949996,4.613707167008899,1.3785557579394023,1.7527000129633112,1.9559889990654624,0.9395440685547065,2.8986663921693667,3.263535326396532,1.4391906552607063
Leonard Miller,2,Marvin Bagley III,current_nba,2.9051726212430387,4.221814698345317,5.202541815110242,0.29890623128561494,2.219879841647626,2.2373310064807383,2.1500751823151774,2.5894979724896054,2.6903285589879222,2.186175626496339
Leonard Miller,2,James Worthy,hof,3.0304476002870597,4.303920312677139,5.26742161144703,0.44991511759757735,2.2474854580569543,2.3526924101912687,1.8266576495196976,2.7851923152070723,2.91110681318416,2.2815343232987204
Leonard Miller,2,Dominique Wilkins,hof,3.1430452842968943,4.247648198950927,5.190053744407566,0.47802601712437337,2.303368215990341,2.3405426053278973,2.154670658640116,3.0105823611231552,3.239215069755807,2.0960515265925457
Leonard Miller,2,Michael Jordan,hof,3.1784361158494487,4.225500885373271,5.0864123972629045,0.7818548378147371,2.5281620967566636,2.5493057839080566,2.4435873481510906,2.9800407406339295,3.2207866038804065,2.0170572876480213
Leonard Miller,2,Clyde Drexler,hof,3.2412150878662542,3.951760656094869,4.5958474414230395,1.3754135147821849,2.8150152370287644,2.833451325957624,2.7412708813133255,3.099042229170692,3.385025549834088,1.9551089465171057
Leonard Miller,2,Tim Hardaway,hof,3.25842948714215,4.276391684390605,5.198441615627299,0.5881919594438286,2.8552470159673637,2.889306337324821,2.719009730537535,2.9510396241053156,3.1449200056482782,2.175518097933465
Leonard Miller,2,Yao Ming,hof,3.2903679336044953,4.262483597769058,5.2298742296825225,0.39292107011519717,2.5358133366032884,2.5964422295788383,2.293297764701089,3.1815874000228175,3.4079059492235544,2.2763132032198685
Leonard Miller,2,Karl Malone,hof,3.3056416538557363,4.250182324144459,5.209997033531955,0.4109234865944762,2.6833323217397593,2.787874095074952,2.2651652283989887,3.1445259847693627,3.406716937050663,2.09576217564416
Leonard Miller,2,Charles Barkley,hof,3.3207731896495285,4.178142878777856,4.982523453321543,0.9606205806031068,2.937852331031916,2.952595303788713,2.8788804400047283,3.083548774394171,3.3220463731941186,2.1295583791943806
Leonard Miller,2,Arvydas Sabonis,hof,3.330894536916201,4.272794224879781,5.280818925305938,0.2406954231751514,2.6246761170582995,2.6567861179141876,2.4962361136347475,3.2130539028633627,3.4623387803564043,2.2159143928911975
Leonard Miller,2,Dino Radja,hof,3.3425465369172196,4.258906950890846,5.208131805797332,0.462007531264899,2.745469438131394,2.7976495579355865,2.5367489589146257,3.1829048793233192,3.4409362733756472,2.150779303114006
Luka Garza,4,Orlando Robinson,current_nba,2.661226762562888,3.5109184563406295,3.9335763717608137,1.8202867946598917,2.3620890865278312,2.5284953760299937,1.696463928519181,2.3859497536915457,2.792765615738712,0.7586863055028807
Luka Garza,4,Isaiah Hartenstein,current_nba,2.729010337449579,4.0831024049719495,4.196273941039916,3.6304162607000845,2.484177974741713,2.803615012759831,1.2064298226692385,2.1743804850423274,2.5377217479687104,0.7210154333367963
Luka Garza,4,Micah Potter,current_nba,2.729501659987623,3.8101814704558317,4.088111409001829,2.698461716271841,2.083161706898203,2.2648817077677728,1.3562817034199246,2.5123317312982287,2.785291596414629,1.4204922708326273
Luka Garza,4,Jerami Grant,current_nba,2.7551960234618305,3.4665318797662077,4.195495960466145,0.550675556966459,2.64250132789727,3.011236555137919,1.1675604189346722,2.4558754430919225,2.7494597665655736,1.28153814919732
Luka Garza,4,Lindy Waters III,current_nba,2.757374570035334,3.049604974004063,3.558618699081605,1.0135500736938943,2.5944562443178163,2.969943800668517,1.0925060189150146,2.692718530909728,3.0914226680704147,1.097901982266979
Luka Garza,4,MarJon Beauchamp,current_nba,2.7593383348298257,2.2038295585124317,2.4470023560259295,1.2311383684584405,2.518186166346551,2.583477377828074,2.257021320420459,3.15766880723016,3.5466685634576667,1.6016697823201358
Luka Garza,4,Jeremiah Robinson-Earl,current_nba,2.7629542939989276,3.1219912529459726,3.721569034753908,0.7236801257142303,2.4221418182344667,2.7366886631195224,1.1639544386942444,2.7538420524076352,3.0799042781357087,1.4495931494953413
Luka Garza,4,Anthony Gill,current_nba,2.76909571583115,3.790726308248967,4.067322688188695,2.6843407884900556,2.001395873226559,2.2857775814714656,0.8638690402469323,2.642130340924537,2.939194755097531,1.4538726842325607
Luka Garza,4,Dalano Banton,current_nba,2.7875473405286626,3.3022363367704903,3.3502240749589425,3.1102853840166813,2.549891761125742,2.890220982989891,1.1885748736691462,2.649030632109209,3.040634039056857,1.082617004318616
Luka Garza,4,Chuma Okeke,current_nba,2.799955612895659,3.1934945439464064,3.6625625663107986,1.3172224544888382,2.526390489665418,2.810023043241237,1.3918602753621434,2.7399687089854057,3.1701475047585332,1.0192535258928932
Luka Garza,4,Grant Hill,hof,3.121605948579462,4.270676717174547,5.207419256922935,0.5237065581809967,2.2715481562282838,2.5954109514447268,0.9760969753625109,2.972099460457508,3.4285596315964124,1.146258775901889
Luka Garza,4,Tony Parker,hof,3.1409618723357617,4.21162424311862,4.874353379179926,1.5607076988733957,2.022420061268568,2.158750059245807,1.4771000693596121,3.16490159247793,3.5464347734677837,1.638768868518514
Luka Garza,4,Yao Ming,hof,3.179839684203711,4.2329520175306055,5.041647165586358,0.998171425307595,2.6826103503597265,3.115698525968107,0.9502576479262044,2.9018981844622562,3.4029956714554803,0.8975082364893604
Luka Garza,4,Vlade Divac,hof,3.1808410138095082,4.283181544374695,4.938706031814198,1.6610835946166784,2.192870818661647,2.337840924703152,1.6129903944956256,3.1236558461008457,3.7040137678471057,0.8022241591158045
Luka Garza,4,Allen Iverson,hof,3.189721062467241,4.136345974100245,5.00702997961807,0.6536099520289437,2.441205446010439,2.807673902214052,0.9753316211959854,3.0906664148791405,3.625751777111998,0.9503249659477083
Luka Garza,4,Vince Carter,hof,3.194164875376954,4.312384156790105,5.181043989991692,0.8377448239837552,2.6264978719580734,2.9646670783629387,1.2738210463386133,2.918888736379818,3.4813749418052975,0.6689439146778999
Luka Garza,4,Gary Payton,hof,3.1992251507377714,4.312815405834193,5.074765595386745,1.2650146476239859,2.968117047385236,3.190024155441396,2.0804886151605975,2.7579840748658278,3.2124891493364385,0.9399637769833834
Luka Garza,4,Dino Radja,hof,3.2043861716194426,4.292598191619392,5.1198484116366325,0.9835973115504301,2.732334921703331,2.977698391095808,1.750881044133421,2.8963057865775244,3.162680089142751,1.8308085763166193
Luka Garza,4,Kevin Garnett,hof,3.22303099601985,4.286309218023305,5.015204664121637,1.3707274336299826,2.1714447805704897,2.3832517151023667,1.324217042442981,3.217184992742803,3.6122115194172846,1.6370788860448768
Luka Garza,4,Dirk Nowitzki,hof,3.2415314950523824,4.216381221246477,4.82610128305997,1.77750097399251,2.8349195066522714,2.997045329614211,2.1864162148045114,2.957412626155391,3.1327616899371193,2.256016371028475
