PLAYER_ID,PLAYER_NAME,SEASON_NUMBER,SEASON_ID,TEAM_ABBREVIATION,PLAYER_AGE,GP,GS,MIN,FGM,FGA,FG_PCT,FG3M,FG3A,FG3_PCT,FTM,FTA,FT_PCT,OREB,DREB,REB,AST,STL,BLK,TOV,PF,PTS,MIN_PER_GAME,FGM_PER_GAME,FGA_PER_GAME,FG3M_PER_GAME,FG3A_PER_GAME,FTM_PER_GAME,FTA_PER_GAME,OREB_PER_GAME,DREB_PER_GAME,REB_PER_GAME,AST_PER_GAME,STL_PER_GAME,BLK_PER_GAME,TOV_PER_GAME,PF_PER_GAME,PTS_PER_GAME,PER,TS_PCT,THREE_PAR,FTR,OREB_PCT,DREB_PCT,REB_PCT,AST_PCT,STL_PCT,BLK_PCT,TOV_PCT,USG_PCT,OWS,DWS,WS,WS_PER_48,OBPM,DBPM,BPM,VORP
1630545,Terrence Shannon Jr.,1,2024-25,MIN,24.0,17,0,147.0,23,50,0.46,4,16,0.25,6,8,0.75,5,13,18,17,5,2,8,8,56,8.647058823529411,1.3529411764705883,2.9411764705882355,0.23529411764705882,0.9411764705882353,0.35294117647058826,0.47058823529411764,0.29411764705882354,0.7647058823529411,1.0588235294117647,1.0,0.29411764705882354,0.11764705882352941,0.47058823529411764,0.47058823529411764,3.2941176470588234,11.6,0.523,0.320,0.160,3.800,9.700,6.800,17.200,1.700,1.300,13.000,18.100,0.0,0.2,0.2,0.070,-2.4,0.8,-1.7,0.0
1628978,Donte DiVincenzo,1,2018-19,MIL,22.0,27,0,411.0,50,124,0.403,22,83,0.265,9,12,0.75,16,49,65,31,13,6,19,38,131,15.222222222222221,1.8518518518518519,4.592592592592593,0.8148148148148148,3.074074074074074,0.3333333333333333,0.4444444444444444,0.5925925925925926,1.8148148148148149,2.4074074074074074,1.1481481481481481,0.48148148148148145,0.2222222222222222,0.7037037037037037,1.4074074074074074,4.851851851851852,9.1,0.507,0.669,0.097,4.200,11.400,8.000,9.700,1.500,1.200,12.800,15.100,0.0,0.6,0.6,0.069,-2.8,0.6,-2.2,0.0
1628978,Donte DiVincenzo,2,2019-20,MIL,23.0,66,24,1520.0,232,510,0.455,83,247,0.336,63,86,0.733,66,252,318,154,85,20,90,113,610,23.03030303030303,3.515151515151515,7.7272727272727275,1.2575757575757576,3.742424242424242,0.9545454545454546,1.303030303030303,1.0,3.8181818181818183,4.818181818181818,2.3333333333333335,1.2878787878787878,0.30303030303030304,1.3636363636363635,1.7121212121212122,9.242424242424242,14.1,0.557,0.484,0.169,4.600,15.500,10.300,13.600,2.600,1.200,14.100,17.300,1.0,3.2,4.3,0.135,-1.1,2.4,1.3,1.3
1628978,Donte DiVincenzo,3,2020-21,MIL,24.0,66,66,1815.0,253,603,0.42,131,346,0.379,51,71,0.718,81,299,380,203,72,15,91,112,688,27.5,3.8333333333333335,9.136363636363637,1.9848484848484849,5.242424242424242,0.7727272727272727,1.0757575757575757,1.2272727272727273,4.53030303030303,5.757575757575758,3.0757575757575757,1.0909090909090908,0.22727272727272727,1.378787878787879,1.696969696969697,10.424242424242424,13.0,0.542,0.574,0.118,4.900,16.700,11.000,14.200,1.900,0.700,12.500,16.700,1.5,2.1,3.6,0.095,-0.2,0.4,0.2,1.0
1628978,Donte DiVincenzo,4,2021-22,MIL,25.0,17,0,341.0,39,118,0.331,21,74,0.284,23,27,0.852,18,42,60,29,11,3,28,26,122,20.058823529411764,2.2941176470588234,6.9411764705882355,1.2352941176470589,4.352941176470588,1.3529411764705883,1.588235294117647,1.0588235294117647,2.4705882352941178,3.5294117647058822,1.7058823529411764,0.6470588235294118,0.17647058823529413,1.6470588235294117,1.5294117647058822,7.176470588235294,11.3,0.510,0.649,0.247,4.300,14.000,9.100,16.100,2.300,0.700,16.200,18.900,-0.1,0.9,0.7,0.035,-1.8,-0.5,-2.3,-0.1
1628978,Donte DiVincenzo,5,2021-22,SAC,25.0,25,1,665.0,79,218,0.362,53,144,0.368,47,56,0.839,22,88,110,89,37,5,44,43,258,26.6,3.16,8.72,2.12,5.76,1.88,2.24,0.88,3.52,4.4,3.56,1.48,0.2,1.76,1.72,10.32,7.9,0.470,0.627,0.229,5.700,12.800,9.300,11.300,1.500,0.800,17.700,19.800,-0.4,0.3,-0.1,-0.009,-3.8,-1.6,-5.5,-0.3
1628978,Donte DiVincenzo,6,2021-22,TOT,25.0,42,1,1005.0,118,336,0.351,74,218,0.339,70,83,0.843,40,130,170,118,48,8,72,69,380,23.928571428571427,2.8095238095238093,8.0,1.7619047619047619,5.190476190476191,1.6666666666666667,1.9761904761904763,0.9523809523809523,3.0952380952380953,4.0476190476190474,2.8095238095238093,1.1428571428571428,0.19047619047619047,1.7142857142857142,1.6428571428571428,9.047619047619047,13.0,0.532,0.661,0.257,3.600,14.500,9.000,18.600,2.700,0.700,15.400,18.500,0.2,0.6,0.8,0.058,-0.8,0.2,-0.6,0.2
1628978,Donte DiVincenzo,7,2022-23,GSW,26.0,72,36,1894.0,235,540,0.435,150,378,0.397,58,71,0.817,80,245,325,252,97,10,112,133,678,26.305555555555557,3.263888888888889,7.5,2.0833333333333335,5.25,0.8055555555555556,0.9861111111111112,1.1111111111111112,3.4027777777777777,4.513888888888889,3.5,1.3472222222222223,0.1388888888888889,1.5555555555555556,1.8472222222222223,9.416666666666666,12.8,0.593,0.700,0.131,4.700,14.000,9.400,17.300,2.400,0.500,16.400,15.100,1.9,2.3,4.2,0.106,-0.6,1.3,0.7,1.3
1628978,Donte DiVincenzo,8,2023-24,NYK,27.0,81,63,2360.0,445,1004,0.443,283,705,0.401,86,114,0.754,63,234,297,216,107,36,113,166,1259,29.135802469135804,5.493827160493828,12.395061728395062,3.493827160493827,8.703703703703704,1.0617283950617284,1.4074074074074074,0.7777777777777778,2.888888888888889,3.6666666666666665,2.6666666666666665,1.3209876543209877,0.4444444444444444,1.3950617283950617,2.049382716049383,15.54320987654321,16.0,0.597,0.702,0.114,3.000,11.200,7.100,13.700,2.300,1.400,9.700,21.300,3.6,3.0,6.6,0.135,2.5,0.9,3.4,3.2
1628978,Donte DiVincenzo,9,2024-25,MIN,28.0,40,8,1057.0,148,373,0.397,103,279,0.369,41,50,0.82,23,124,147,144,48,7,71,62,440,26.425,3.7,9.325,2.575,6.975,1.025,1.25,0.575,3.1,3.675,3.6,1.2,0.175,1.775,1.55,11.0,12.7,0.557,0.748,0.134,2.400,12.800,7.700,19.800,2.200,0.600,15.200,19.100,0.6,1.4,2.0,0.091,-0.1,1.0,0.8,0.8
1630183,Jaden McDaniels,1,2020-21,MIN,20.0,63,27,1511.0,164,367,0.447,72,198,0.364,27,45,0.6,52,180,232,71,35,60,47,172,427,23.984126984126984,2.6031746031746033,5.825396825396825,1.1428571428571428,3.142857142857143,0.42857142857142855,0.7142857142857143,0.8253968253968254,2.857142857142857,3.6825396825396823,1.126984126984127,0.5555555555555556,0.9523809523809523,0.746031746031746,2.7301587301587302,6.777777777777778,8.9,0.552,0.540,0.123,3.600,13.400,8.300,6.400,1.100,3.400,10.800,12.000,0.5,0.9,1.4,0.046,-3.3,-0.2,-3.5,-0.6
1630183,Jaden McDaniels,2,2021-22,MIN,21.0,70,31,1803.0,255,554,0.46,80,252,0.317,57,71,0.803,76,217,293,79,52,54,75,224,647,25.757142857142856,3.642857142857143,7.914285714285715,1.1428571428571428,3.6,0.8142857142857143,1.0142857142857142,1.0857142857142856,3.1,4.185714285714286,1.1285714285714286,0.7428571428571429,0.7714285714285715,1.0714285714285714,3.2,9.242857142857142,10.3,0.553,0.455,0.128,4.400,13.200,8.700,6.100,1.400,2.900,11.400,15.300,0.7,1.7,2.4,0.065,-2.9,-0.1,-2.9,-0.4
1630183,Jaden McDaniels,3,2022-23,MIN,22.0,79,79,2417.0,370,716,0.517,107,269,0.398,106,144,0.736,92,215,307,148,74,76,112,272,953,30.59493670886076,4.6835443037974684,9.063291139240507,1.3544303797468353,3.4050632911392404,1.3417721518987342,1.8227848101265822,1.1645569620253164,2.721518987341772,3.8860759493670884,1.8734177215189873,0.9367088607594937,0.9620253164556962,1.4177215189873418,3.4430379746835444,12.063291139240507,12.0,0.611,0.376,0.201,4.300,9.800,7.100,8.400,1.500,2.700,12.600,15.800,2.0,2.4,4.4,0.087,-1.7,0.5,-1.2,0.5
1630183,Jaden McDaniels,4,2023-24,MIN,23.0,72,71,2105.0,307,628,0.489,86,255,0.337,57,79,0.722,56,168,224,101,63,42,87,219,757,29.23611111111111,4.263888888888889,8.722222222222221,1.1944444444444444,3.5416666666666665,0.7916666666666666,1.0972222222222223,0.7777777777777778,2.3333333333333335,3.111111111111111,1.4027777777777777,0.875,0.5833333333333334,1.2083333333333333,3.0416666666666665,10.51388888888889,9.4,0.571,0.406,0.126,3.200,8.700,6.000,6.800,1.500,1.800,11.600,15.700,0.3,3.1,3.4,0.077,-3.3,0.7,-2.6,-0.3
1630183,Jaden McDaniels,5,2024-25,MIN,24.0,57,57,1822.0,260,555,0.468,73,220,0.332,70,87,0.805,86,232,318,104,81,50,66,169,663,31.964912280701753,4.56140350877193,9.736842105263158,1.280701754385965,3.8596491228070176,1.2280701754385965,1.5263157894736843,1.5087719298245614,4.0701754385964914,5.578947368421052,1.8245614035087718,1.4210526315789473,0.8771929824561403,1.1578947368421053,2.9649122807017543,11.631578947368421,12.6,0.559,0.396,0.157,5.300,13.900,9.600,8.300,2.200,2.500,10.000,15.700,1.4,2.8,4.2,0.111,-1.7,1.6,-0.1,0.9
1642265,Rob Dillingham,1,2024-25,MIN,20.0,32,1,403.0,78,173,0.451,23,63,0.365,5,10,0.5,8,30,38,77,13,0,41,30,184,12.59375,2.4375,5.40625,0.71875,1.96875,0.15625,0.3125,0.25,0.9375,1.1875,2.40625,0.40625,0.0,1.28125,0.9375,5.75,10.9,0.519,0.364,0.058,2.200,8.100,5.200,30.100,1.600,0.000,18.800,23.500,-0.2,0.4,0.2,0.022,-2.6,-1.2,-3.8,-0.2
1630162,Anthony Edwards,1,2020-21,MIN,19.0,72,55,2314.0,505,1211,0.417,171,520,0.329,211,272,0.776,59,277,336,211,82,36,160,129,1392,32.138888888888886,7.013888888888889,16.819444444444443,2.375,7.222222222222222,2.9305555555555554,3.7777777777777777,0.8194444444444444,3.8472222222222223,4.666666666666667,2.9305555555555554,1.1388888888888888,0.5,2.2222222222222223,1.7916666666666667,19.333333333333332,13.9,0.523,0.429,0.225,2.700,13.500,7.900,14.600,1.700,1.300,10.700,27.000,-0.6,1.4,0.8,0.017,-0.4,-1.7,-2.1,-0.1
1630162,Anthony Edwards,2,2021-22,MIN,20.0,72,72,2466.0,549,1245,0.441,215,602,0.357,220,280,0.786,62,281,343,275,105,46,190,164,1533,34.25,7.625,17.291666666666668,2.986111111111111,8.36111111111111,3.0555555555555554,3.888888888888889,0.8611111111111112,3.9027777777777777,4.763888888888889,3.8194444444444446,1.4583333333333333,0.6388888888888888,2.638888888888889,2.2777777777777777,21.291666666666668,16.5,0.560,0.484,0.225,2.600,12.500,7.500,17.400,2.000,1.800,12.200,26.400,1.8,2.4,4.3,0.084,1.6,-0.4,1.2,2.0
1630162,Anthony Edwards,3,2022-23,MIN,21.0,79,79,2841.0,707,1541,0.459,213,578,0.369,319,422,0.756,47,411,458,350,125,58,259,186,1946,35.962025316455694,8.949367088607595,19.50632911392405,2.6962025316455698,7.3164556962025316,4.037974683544304,5.341772151898734,0.5949367088607594,5.2025316455696204,5.7974683544303796,4.430379746835443,1.5822784810126582,0.7341772151898734,3.278481012658228,2.3544303797468356,24.632911392405063,17.4,0.564,0.375,0.274,1.900,15.900,9.000,19.300,2.100,1.800,13.000,29.900,0.2,3.6,3.8,0.064,1.0,0.0,1.0,2.1
1630162,Anthony Edwards,4,2023-24,MIN,22.0,79,78,2770.0,718,1558,0.461,190,532,0.357,423,506,0.836,52,378,430,405,101,42,241,141,2049,35.063291139240505,9.08860759493671,19.72151898734177,2.4050632911392404,6.734177215189874,5.3544303797468356,6.405063291139241,0.6582278481012658,4.784810126582278,5.443037974683544,5.1265822784810124,1.2784810126582278,0.5316455696202531,3.050632911392405,1.7848101265822784,25.936708860759495,19.7,0.575,0.341,0.325,2.200,14.800,8.800,24.600,1.800,1.300,11.900,32.300,2.9,4.7,7.5,0.130,2.7,0.5,3.3,3.7
1630162,Anthony Edwards,5,2024-25,MIN,23.0,55,55,2022.0,507,1156,0.439,231,562,0.411,275,328,0.838,43,276,319,246,64,36,190,103,1520,36.763636363636365,9.218181818181819,21.01818181818182,4.2,10.218181818181819,5.0,5.963636363636364,0.7818181818181819,5.0181818181818185,5.8,4.472727272727273,1.1636363636363636,0.6545454545454545,3.4545454545454546,1.8727272727272728,27.636363636363637,19.3,0.584,0.486,0.284,2.400,14.900,8.700,21.000,1.600,1.700,12.700,31.900,2.4,2.7,5.1,0.121,4.0,-0.2,3.8,2.9
204060,Joe Ingles,1,2014-15,UTA,27.0,79,32,1673.0,147,354,0.415,72,202,0.356,30,40,0.75,22,153,175,182,72,10,98,124,396,21.17721518987342,1.860759493670886,4.481012658227848,0.9113924050632911,2.5569620253164556,0.379746835443038,0.5063291139240507,0.27848101265822783,1.9367088607594938,2.2151898734177213,2.3037974683544302,0.9113924050632911,0.12658227848101267,1.240506329113924,1.5696202531645569,5.012658227848101,9.6,0.533,0.571,0.113,1.500,10.500,6.000,16.800,2.300,0.500,20.900,12.900,0.5,1.6,2.2,0.062,-2.3,1.1,-1.2,0.3
204060,Joe Ingles,2,2015-16,UTA,28.0,81,2,1241.0,124,291,0.426,81,210,0.386,13,18,0.722,19,132,151,96,55,4,65,98,342,15.320987654320987,1.5308641975308641,3.5925925925925926,1.0,2.5925925925925926,0.16049382716049382,0.2222222222222222,0.2345679012345679,1.6296296296296295,1.8641975308641976,1.1851851851851851,0.6790123456790124,0.04938271604938271,0.8024691358024691,1.2098765432098766,4.222222222222222,10.3,0.572,0.722,0.062,1.800,12.400,7.100,12.100,2.300,0.300,17.900,13.500,0.7,1.6,2.3,0.089,-1.4,1.6,0.2,0.7
204060,Joe Ingles,3,2016-17,UTA,29.0,82,26,1972.0,204,451,0.452,123,279,0.441,50,68,0.735,23,238,261,225,96,8,107,163,581,24.048780487804876,2.4878048780487805,5.5,1.5,3.402439024390244,0.6097560975609756,0.8292682926829268,0.2804878048780488,2.902439024390244,3.182926829268293,2.7439024390243905,1.170731707317073,0.0975609756097561,1.3048780487804879,1.9878048780487805,7.085365853658536,12.4,0.604,0.619,0.151,1.400,13.600,7.600,17.200,2.600,0.300,18.200,13.900,2.0,3.0,5.0,0.123,-0.7,2.3,1.6,1.8
204060,Joe Ingles,4,2017-18,UTA,30.0,82,81,2579.0,335,718,0.467,204,464,0.44,66,83,0.795,24,320,344,392,90,20,159,178,940,31.451219512195124,4.085365853658536,8.75609756097561,2.4878048780487805,5.658536585365853,0.8048780487804879,1.0121951219512195,0.2926829268292683,3.902439024390244,4.195121951219512,4.780487804878049,1.0975609756097562,0.24390243902439024,1.9390243902439024,2.1707317073170733,11.463414634146341,14.4,0.623,0.646,0.116,1.100,13.900,7.600,22.900,1.800,0.700,17.400,15.900,4.0,3.6,7.6,0.141,1.0,1.3,2.3,2.8
204060,Joe Ingles,5,2018-19,UTA,31.0,82,82,2568.0,359,802,0.448,189,483,0.391,87,123,0.707,35,295,330,469,98,20,193,180,994,31.317073170731707,4.378048780487805,9.78048780487805,2.3048780487804876,5.890243902439025,1.0609756097560976,1.5,0.4268292682926829,3.597560975609756,4.024390243902439,5.719512195121951,1.1951219512195121,0.24390243902439024,2.3536585365853657,2.1951219512195124,12.121951219512194,13.4,0.581,0.602,0.153,1.500,12.200,7.000,26.100,1.800,0.600,18.400,17.500,2.5,3.6,6.0,0.113,0.3,1.1,1.4,2.2
204060,Joe Ingles,6,2019-20,UTA,32.0,72,45,2137.0,246,553,0.445,141,353,0.399,74,94,0.787,27,251,278,373,65,11,142,154,707,29.680555555555557,3.4166666666666665,7.680555555555555,1.9583333333333333,4.902777777777778,1.0277777777777777,1.3055555555555556,0.375,3.486111111111111,3.861111111111111,5.180555555555555,0.9027777777777778,0.1527777777777778,1.9722222222222223,2.138888888888889,9.819444444444445,12.6,0.595,0.638,0.170,1.400,12.500,7.200,24.400,1.500,0.400,19.300,15.100,2.7,2.1,4.8,0.108,0.1,0.7,0.7,1.5
204060,Joe Ingles,7,2020-21,UTA,33.0,67,30,1867.0,275,562,0.489,183,406,0.451,76,90,0.844,27,217,244,318,45,12,117,120,809,27.865671641791046,4.104477611940299,8.388059701492537,2.7313432835820897,6.059701492537314,1.1343283582089552,1.3432835820895523,0.40298507462686567,3.2388059701492535,3.6417910447761193,4.746268656716418,0.6716417910447762,0.1791044776119403,1.7462686567164178,1.791044776119403,12.074626865671641,15.9,0.672,0.722,0.160,1.600,11.800,6.900,24.000,1.200,0.500,16.300,16.600,4.7,2.3,7.0,0.180,2.6,0.9,3.5,2.6
204060,Joe Ingles,8,2021-22,UTA,34.0,45,15,1122.0,115,285,0.404,78,225,0.347,17,22,0.773,12,119,131,158,23,5,46,82,325,24.933333333333334,2.5555555555555554,6.333333333333333,1.7333333333333334,5.0,0.37777777777777777,0.4888888888888889,0.26666666666666666,2.6444444444444444,2.911111111111111,3.511111111111111,0.5111111111111111,0.1111111111111111,1.0222222222222221,1.8222222222222222,7.222222222222222,10.0,0.551,0.789,0.077,1.200,11.200,6.400,19.000,1.000,0.400,13.500,13.200,1.3,0.9,2.2,0.094,-0.7,0.5,-0.3,0.5
204060,Joe Ingles,9,2022-23,MIL,35.0,46,0,1044.0,108,248,0.435,83,203,0.409,18,21,0.857,13,115,128,150,33,6,55,74,317,22.695652173913043,2.347826086956522,5.391304347826087,1.8043478260869565,4.413043478260869,0.391304347826087,0.45652173913043476,0.2826086956521739,2.5,2.782608695652174,3.260869565217391,0.717391304347826,0.13043478260869565,1.1956521739130435,1.608695652173913,6.891304347826087,10.7,0.616,0.819,0.085,1.400,11.100,6.400,18.400,1.500,0.500,17.600,12.600,1.1,1.2,2.3,0.107,-1.6,0.8,-0.7,0.3
204060,Joe Ingles,10,2023-24,ORL,36.0,68,0,1169.0,99,227,0.436,70,161,0.435,28,34,0.824,18,124,142,203,43,5,67,88,296,17.191176470588236,1.4558823529411764,3.338235294117647,1.0294117647058822,2.3676470588235294,0.4117647058823529,0.5,0.2647058823529412,1.8235294117647058,2.088235294117647,2.985294117647059,0.6323529411764706,0.07352941176470588,0.9852941176470589,1.2941176470588236,4.352941176470588,10.6,0.612,0.709,0.150,1.800,12.600,7.100,23.000,1.800,0.400,21.700,11.600,1.1,1.5,2.6,0.108,-1.7,1.2,-0.5,0.5
204060,Joe Ingles,11,2024-25,MIN,37.0,16,0,103.0,6,19,0.316,3,12,0.25,0,0,0.0,2,9,11,20,2,0,7,10,15,6.4375,0.375,1.1875,0.1875,0.75,0.0,0.0,0.125,0.5625,0.6875,1.25,0.125,0.0,0.4375,0.625,0.9375,4.6,0.395,0.632,0.000,2.200,9.500,5.900,25.200,1.000,0.000,26.900,10.900,-0.1,0.1,0.0,0.012,-5.5,0.4,-5.1,-0.1
1631169,Josh Minott,1,2022-23,MIN,20.0,15,0,96.0,18,36,0.5,2,6,0.333,8,8,1.0,5,20,25,5,4,6,3,10,46,6.4,1.2,2.4,0.13333333333333333,0.4,0.5333333333333333,0.5333333333333333,0.3333333333333333,1.3333333333333333,1.6666666666666667,0.3333333333333333,0.26666666666666666,0.4,0.2,0.6666666666666666,3.066666666666667,17.9,0.582,0.167,0.222,5.900,22.900,14.600,7.500,2.000,5.400,7.100,18.900,0.1,0.2,0.3,0.146,-1.9,0.4,-1.6,0.0
1631169,Josh Minott,2,2023-24,MIN,21.0,32,0,91.0,17,36,0.472,4,10,0.4,12,14,0.857,4,13,17,8,5,5,2,10,50,2.84375,0.53125,1.125,0.125,0.3125,0.375,0.4375,0.125,0.40625,0.53125,0.25,0.15625,0.15625,0.0625,0.3125,1.5625,20.4,0.593,0.278,0.389,5.200,15.500,10.600,13.200,2.700,4.900,4.500,21.400,0.2,0.2,0.4,0.222,1.8,3.3,5.1,0.2
1631169,Josh Minott,3,2024-25,MIN,22.0,33,0,224.0,32,71,0.451,7,31,0.226,11,13,0.846,9,28,37,14,12,11,8,27,82,6.787878787878788,0.9696969696969697,2.1515151515151514,0.21212121212121213,0.9393939393939394,0.3333333333333333,0.3939393939393939,0.2727272727272727,0.8484848484848485,1.121212121212121,0.42424242424242425,0.36363636363636365,0.3333333333333333,0.24242424242424243,0.8181818181818182,2.484848484848485,12.9,0.534,0.437,0.183,4.500,13.700,9.100,9.100,2.600,4.600,9.400,16.400,0.1,0.4,0.5,0.111,-2.7,2.8,0.1,0.1
1629638,Nickeil Alexander-Walker,1,2019-20,NOP,21.0,47,1,591.0,98,266,0.368,46,133,0.346,25,37,0.676,9,75,84,89,17,8,54,57,267,12.574468085106384,2.0851063829787235,5.659574468085107,0.9787234042553191,2.8297872340425534,0.5319148936170213,0.7872340425531915,0.19148936170212766,1.5957446808510638,1.7872340425531914,1.8936170212765957,0.3617021276595745,0.1702127659574468,1.148936170212766,1.2127659574468086,5.680851063829787,8.9,0.473,0.500,0.139,1.600,13.500,7.500,21.100,1.300,1.100,16.100,23.300,-0.7,0.4,-0.2,-0.020,-3.2,-1.4,-4.6,-0.4
1629638,Nickeil Alexander-Walker,2,2020-21,NOP,22.0,46,13,1007.0,192,458,0.419,76,219,0.347,48,66,0.727,13,131,144,102,47,22,69,88,508,21.891304347826086,4.173913043478261,9.956521739130435,1.6521739130434783,4.760869565217392,1.0434782608695652,1.434782608695652,0.2826086956521739,2.847826086956522,3.130434782608696,2.217391304347826,1.0217391304347827,0.4782608695652174,1.5,1.9130434782608696,11.043478260869565,12.5,0.522,0.478,0.144,1.400,14.100,7.800,14.700,2.200,2.100,12.400,23.200,-0.3,1.0,0.7,0.035,-1.4,0.1,-1.3,0.2
1629638,Nickeil Alexander-Walker,3,2021-22,NOP,23.0,50,19,1317.0,237,632,0.375,95,305,0.311,70,97,0.722,36,128,164,139,41,19,85,88,639,26.34,4.74,12.64,1.9,6.1,1.4,1.94,0.72,2.56,3.28,2.78,0.82,0.38,1.7,1.76,12.78,10.5,0.475,0.497,0.160,2.700,11.500,7.100,16.100,1.500,1.500,11.300,24.100,-1.1,1.1,0.1,0.003,-1.8,-1.1,-2.9,-0.3
1629638,Nickeil Alexander-Walker,4,2021-22,UTA,23.0,15,2,149.0,16,48,0.333,10,33,0.303,11,12,0.917,1,22,23,17,5,4,8,15,53,9.933333333333334,1.0666666666666667,3.2,0.6666666666666666,2.2,0.7333333333333333,0.8,0.06666666666666667,1.4666666666666666,1.5333333333333334,1.1333333333333333,0.3333333333333333,0.26666666666666666,0.5333333333333333,1.0,3.533333333333333,10.5,0.474,0.483,0.153,3.000,11.000,6.900,16.100,1.500,1.400,11.200,24.800,-1.1,0.9,-0.1,-0.005,-1.7,-1.3,-3.0,-0.3
1629638,Nickeil Alexander-Walker,5,2021-22,TOT,23.0,65,21,1466.0,253,680,0.372,105,338,0.311,81,109,0.743,37,150,187,156,46,23,93,103,692,22.553846153846155,3.8923076923076922,10.461538461538462,1.6153846153846154,5.2,1.2461538461538462,1.676923076923077,0.5692307692307692,2.3076923076923075,2.876923076923077,2.4,0.7076923076923077,0.35384615384615387,1.4307692307692308,1.5846153846153845,10.646153846153846,10.2,0.497,0.688,0.250,0.800,15.600,8.500,15.500,1.700,2.400,13.100,17.900,0.0,0.2,0.2,0.070,-2.9,1.2,-1.7,0.0
1629638,Nickeil Alexander-Walker,6,2022-23,UTA,24.0,36,3,528.0,83,170,0.488,35,87,0.402,27,39,0.692,8,51,59,76,24,14,45,58,228,14.666666666666666,2.3055555555555554,4.722222222222222,0.9722222222222222,2.4166666666666665,0.75,1.0833333333333333,0.2222222222222222,1.4166666666666667,1.6388888888888888,2.111111111111111,0.6666666666666666,0.3888888888888889,1.25,1.6111111111111112,6.333333333333333,11.6,0.565,0.539,0.203,1.900,10.500,6.300,16.700,1.700,2.000,14.600,17.900,0.3,0.8,1.1,0.062,-1.4,0.4,-0.9,0.2
1629638,Nickeil Alexander-Walker,7,2022-23,MIN,24.0,23,0,356.0,48,125,0.384,26,72,0.361,13,21,0.619,7,35,42,32,8,7,10,30,135,15.478260869565217,2.0869565217391304,5.434782608695652,1.1304347826086956,3.130434782608696,0.5652173913043478,0.9130434782608695,0.30434782608695654,1.5217391304347827,1.826086956521739,1.391304347826087,0.34782608695652173,0.30434782608695654,0.43478260869565216,1.3043478260869565,5.869565217391305,13.0,0.609,0.512,0.229,1.700,10.300,6.000,19.900,2.200,2.200,19.400,18.400,0.3,0.5,0.8,0.074,-0.6,1.1,0.5,0.3
1629638,Nickeil Alexander-Walker,8,2022-23,TOT,24.0,59,3,884.0,131,295,0.444,61,159,0.384,40,60,0.667,15,86,101,108,32,21,55,88,363,14.983050847457626,2.2203389830508473,5.0,1.0338983050847457,2.694915254237288,0.6779661016949152,1.0169491525423728,0.2542372881355932,1.4576271186440677,1.7118644067796611,1.8305084745762712,0.5423728813559322,0.3559322033898305,0.9322033898305084,1.4915254237288136,6.1525423728813555,9.6,0.503,0.576,0.168,2.200,10.800,6.600,12.000,1.100,1.700,6.900,17.300,0.0,0.3,0.3,0.044,-2.5,-0.5,-3.0,-0.1
1629638,Nickeil Alexander-Walker,9,2023-24,MIN,25.0,82,20,1921.0,236,538,0.439,131,335,0.391,52,65,0.8,35,132,167,204,64,42,76,143,655,23.426829268292682,2.8780487804878048,6.560975609756097,1.5975609756097562,4.085365853658536,0.6341463414634146,0.7926829268292683,0.4268292682926829,1.6097560975609757,2.0365853658536586,2.4878048780487805,0.7804878048780488,0.5121951219512195,0.926829268292683,1.7439024390243902,7.987804878048781,10.9,0.578,0.623,0.121,2.200,7.500,4.900,14.500,1.600,1.900,11.800,14.800,1.5,2.8,4.3,0.107,-1.1,1.3,0.2,1.1
1629638,Nickeil Alexander-Walker,10,2024-25,MIN,26.0,57,9,1413.0,183,414,0.442,101,253,0.399,43,57,0.754,35,143,178,143,32,18,72,101,510,24.789473684210527,3.210526315789474,7.2631578947368425,1.7719298245614035,4.43859649122807,0.7543859649122807,1.0,0.6140350877192983,2.508771929824561,3.1228070175438596,2.508771929824561,0.5614035087719298,0.3157894736842105,1.263157894736842,1.7719298245614035,8.947368421052632,10.8,0.581,0.611,0.138,2.800,11.100,7.000,14.500,1.100,1.200,14.100,15.700,1.1,1.5,2.6,0.087,-1.2,0.2,-1.0,0.3
201144,Mike Conley,1,2007-08,MEM,20.0,53,46,1381.0,189,442,0.428,30,91,0.33,90,123,0.732,21,118,139,222,44,2,89,85,498,26.056603773584907,3.5660377358490565,8.339622641509434,0.5660377358490566,1.7169811320754718,1.6981132075471699,2.3207547169811322,0.39622641509433965,2.2264150943396226,2.6226415094339623,4.188679245283019,0.8301886792452831,0.03773584905660377,1.679245283018868,1.6037735849056605,9.39622641509434,12.6,0.502,0.206,0.278,1.700,9.700,5.600,25.300,1.600,0.100,15.200,18.800,0.6,0.5,1.1,0.038,-1.6,-1.3,-3.0,-0.3
201144,Mike Conley,2,2008-09,MEM,21.0,82,61,2508.0,323,730,0.442,88,217,0.406,161,197,0.817,25,251,276,354,90,8,143,146,895,30.585365853658537,3.9390243902439024,8.902439024390244,1.0731707317073171,2.6463414634146343,1.9634146341463414,2.402439024390244,0.3048780487804878,3.0609756097560976,3.3658536585365852,4.317073170731708,1.0975609756097562,0.0975609756097561,1.7439024390243902,1.7804878048780488,10.914634146341463,14.3,0.548,0.297,0.270,1.200,12.500,6.800,23.700,1.900,0.300,14.900,17.900,2.7,1.9,4.5,0.086,0.0,-0.3,-0.3,1.1
201144,Mike Conley,3,2009-10,MEM,22.0,80,80,2569.0,369,830,0.445,82,212,0.387,139,187,0.743,30,161,191,425,109,12,170,178,959,32.1125,4.6125,10.375,1.025,2.65,1.7375,2.3375,0.375,2.0125,2.3875,5.3125,1.3625,0.15,2.125,2.225,11.9875,13.9,0.526,0.255,0.225,1.400,7.300,4.300,24.800,2.200,0.400,15.700,18.400,2.6,1.3,4.0,0.074,0.0,-0.6,-0.6,0.9
201144,Mike Conley,4,2010-11,MEM,23.0,81,81,2872.0,423,953,0.444,80,217,0.369,181,247,0.733,32,215,247,528,144,18,176,182,1107,35.45679012345679,5.222222222222222,11.765432098765432,0.9876543209876543,2.6790123456790123,2.234567901234568,3.049382716049383,0.3950617283950617,2.654320987654321,3.049382716049383,6.518518518518518,1.7777777777777777,0.2222222222222222,2.1728395061728394,2.246913580246914,13.666666666666666,15.9,0.521,0.228,0.259,1.300,9.000,5.100,28.000,2.600,0.500,14.200,19.400,3.4,3.2,6.6,0.111,0.7,0.5,1.2,2.3
201144,Mike Conley,5,2011-12,MEM,24.0,62,61,2174.0,296,684,0.433,60,159,0.377,136,158,0.861,22,134,156,404,136,11,125,133,788,35.064516129032256,4.774193548387097,11.03225806451613,0.967741935483871,2.564516129032258,2.193548387096774,2.5483870967741935,0.3548387096774194,2.161290322580645,2.5161290322580645,6.516129032258065,2.193548387096774,0.1774193548387097,2.0161290322580645,2.1451612903225805,12.709677419354838,16.8,0.523,0.232,0.231,1.200,7.400,4.200,29.800,3.300,0.400,14.200,18.300,3.6,2.8,6.4,0.141,1.0,1.4,2.4,2.4
201144,Mike Conley,6,2012-13,MEM,25.0,80,80,2757.0,414,940,0.44,106,293,0.362,234,282,0.83,43,182,225,487,174,24,189,171,1168,34.4625,5.175,11.75,1.325,3.6625,2.925,3.525,0.5375,2.275,2.8125,6.0875,2.175,0.3,2.3625,2.1375,14.6,18.3,0.549,0.312,0.300,1.800,7.900,4.800,29.500,3.400,0.700,15.100,21.000,5.1,4.7,9.9,0.172,2.3,2.3,4.6,4.6
201144,Mike Conley,7,2013-14,MEM,26.0,73,73,2446.0,463,1030,0.45,105,291,0.361,225,276,0.815,41,172,213,441,110,13,150,141,1256,33.50684931506849,6.342465753424658,14.10958904109589,1.4383561643835616,3.9863013698630136,3.0821917808219177,3.780821917808219,0.5616438356164384,2.356164383561644,2.9178082191780823,6.041095890410959,1.5068493150684932,0.1780821917808219,2.0547945205479454,1.9315068493150684,17.205479452054796,20.0,0.545,0.283,0.268,2.000,8.400,5.200,30.100,2.400,0.400,11.500,24.600,5.5,2.7,8.2,0.161,3.4,0.3,3.8,3.6
201144,Mike Conley,8,2014-15,MEM,27.0,70,70,2225.0,393,882,0.446,107,277,0.386,214,249,0.859,29,180,209,375,89,14,156,139,1107,31.785714285714285,5.614285714285714,12.6,1.5285714285714285,3.9571428571428573,3.057142857142857,3.557142857142857,0.4142857142857143,2.5714285714285716,2.9857142857142858,5.357142857142857,1.2714285714285714,0.2,2.2285714285714286,1.9857142857142858,15.814285714285715,18.6,0.558,0.314,0.282,1.500,9.200,5.400,28.000,2.100,0.500,13.600,23.700,4.2,2.7,6.8,0.147,2.6,0.2,2.8,2.7
201144,Mike Conley,9,2015-16,MEM,28.0,56,56,1761.0,294,696,0.422,78,215,0.363,191,229,0.834,26,138,164,342,67,16,84,100,857,31.446428571428573,5.25,12.428571428571429,1.3928571428571428,3.8392857142857144,3.4107142857142856,4.089285714285714,0.4642857142857143,2.4642857142857144,2.9285714285714284,6.107142857142857,1.1964285714285714,0.2857142857142857,1.5,1.7857142857142858,15.303571428571429,19.4,0.538,0.309,0.329,1.600,9.300,5.300,32.700,2.000,0.800,9.500,22.400,4.2,1.1,5.3,0.145,3.5,-0.5,3.0,2.2
201144,Mike Conley,10,2016-17,MEM,29.0,69,68,2292.0,464,1009,0.46,171,419,0.408,316,368,0.859,31,210,241,433,92,19,156,126,1415,33.21739130434783,6.72463768115942,14.623188405797102,2.4782608695652173,6.072463768115942,4.579710144927536,5.333333333333333,0.4492753623188406,3.0434782608695654,3.4927536231884058,6.27536231884058,1.3333333333333333,0.2753623188405797,2.260869565217391,1.826086956521739,20.507246376811594,23.2,0.604,0.415,0.365,1.500,10.800,6.000,34.500,2.100,0.800,11.800,26.300,7.5,2.5,10.0,0.209,6.0,0.8,6.8,5.1
201144,Mike Conley,11,2017-18,MEM,30.0,12,12,373.0,64,168,0.381,24,77,0.312,53,66,0.803,0,27,27,49,12,3,18,24,205,31.083333333333332,5.333333333333333,14.0,2.0,6.416666666666667,4.416666666666667,5.5,0.0,2.25,2.25,4.083333333333333,1.0,0.25,1.5,2.0,17.083333333333332,15.4,0.520,0.458,0.393,0.000,8.600,4.200,22.200,1.600,0.800,8.400,25.900,0.4,0.2,0.6,0.077,1.3,-0.8,0.5,0.2
201144,Mike Conley,12,2018-19,MEM,31.0,70,70,2342.0,490,1120,0.438,155,426,0.364,343,406,0.845,40,199,239,449,94,22,130,123,1478,33.457142857142856,7.0,16.0,2.2142857142857144,6.085714285714285,4.9,5.8,0.5714285714285714,2.842857142857143,3.414285714285714,6.414285714285715,1.3428571428571427,0.3142857142857143,1.8571428571428572,1.7571428571428571,21.114285714285714,21.4,0.569,0.380,0.363,1.900,9.700,5.700,33.400,2.000,0.900,9.100,27.300,5.7,2.3,8.0,0.164,4.6,0.1,4.7,3.9
201144,Mike Conley,13,2019-20,UTA,32.0,47,41,1363.0,232,567,0.409,96,256,0.375,115,139,0.827,33,118,151,208,36,5,92,104,675,29.0,4.9361702127659575,12.063829787234043,2.0425531914893615,5.446808510638298,2.4468085106382977,2.9574468085106385,0.7021276595744681,2.5106382978723403,3.2127659574468086,4.425531914893617,0.7659574468085106,0.10638297872340426,1.9574468085106382,2.2127659574468086,14.361702127659575,14.1,0.537,0.451,0.245,2.800,9.200,6.100,23.100,1.300,0.300,12.800,23.100,1.4,1.1,2.5,0.089,0.7,-0.4,0.3,0.8
201144,Mike Conley,14,2020-21,UTA,33.0,51,51,1498.0,284,640,0.444,138,335,0.412,121,142,0.852,36,141,177,305,70,9,99,98,827,29.372549019607842,5.568627450980392,12.549019607843137,2.7058823529411766,6.568627450980392,2.372549019607843,2.784313725490196,0.7058823529411765,2.764705882352941,3.4705882352941178,5.980392156862745,1.3725490196078431,0.17647058823529413,1.9411764705882353,1.9215686274509804,16.215686274509803,19.2,0.589,0.523,0.222,2.700,9.600,6.300,30.600,2.300,0.500,12.400,23.100,4.0,2.1,6.1,0.197,3.6,1.3,4.9,2.6
201144,Mike Conley,15,2021-22,UTA,34.0,72,72,2058.0,344,791,0.435,169,414,0.408,129,162,0.796,47,170,217,385,96,21,123,142,986,28.583333333333332,4.777777777777778,10.98611111111111,2.3472222222222223,5.75,1.7916666666666667,2.25,0.6527777777777778,2.361111111111111,3.013888888888889,5.347222222222222,1.3333333333333333,0.2916666666666667,1.7083333333333333,1.9722222222222223,13.694444444444445,17.2,0.572,0.523,0.205,2.600,8.800,5.800,27.700,2.300,0.900,12.500,20.900,4.4,2.3,6.7,0.157,2.4,0.7,3.1,2.7
201144,Mike Conley,16,2022-23,UTA,35.0,43,42,1275.0,153,375,0.408,77,213,0.362,78,96,0.813,17,90,107,330,44,10,74,94,461,29.651162790697676,3.558139534883721,8.720930232558139,1.7906976744186047,4.953488372093023,1.813953488372093,2.2325581395348837,0.3953488372093023,2.0930232558139537,2.488372093023256,7.674418604651163,1.0232558139534884,0.23255813953488372,1.7209302325581395,2.186046511627907,10.720930232558139,14.7,0.583,0.575,0.277,1.800,7.900,4.900,29.400,1.700,0.600,13.100,16.300,4.1,1.4,5.5,0.130,1.0,-0.1,0.9,1.5
201144,Mike Conley,17,2022-23,MIN,35.0,24,24,753.0,108,235,0.46,58,138,0.42,63,73,0.863,16,59,75,120,29,4,29,45,337,31.375,4.5,9.791666666666666,2.4166666666666665,5.75,2.625,3.0416666666666665,0.6666666666666666,2.4583333333333335,3.125,5.0,1.2083333333333333,0.16666666666666666,1.2083333333333333,1.875,14.041666666666666,13.9,0.552,0.568,0.256,1.500,7.500,4.500,34.000,1.600,0.700,15.100,16.100,2.2,0.8,3.0,0.113,0.7,-0.5,0.2,0.7
201144,Mike Conley,18,2022-23,TOT,35.0,67,66,2028.0,261,610,0.428,135,351,0.385,141,169,0.834,33,149,182,450,73,14,103,139,798,30.26865671641791,3.8955223880597014,9.104477611940299,2.014925373134328,5.2388059701492535,2.1044776119402986,2.5223880597014925,0.4925373134328358,2.2238805970149254,2.716417910447761,6.7164179104477615,1.0895522388059702,0.208955223880597,1.537313432835821,2.074626865671642,11.91044776119403,16.1,0.631,0.587,0.311,2.400,8.600,5.600,21.500,1.800,0.500,9.800,16.800,1.8,0.7,2.5,0.158,1.5,0.6,2.0,0.7
201144,Mike Conley,19,2023-24,MIN,36.0,76,76,2193.0,294,644,0.457,179,405,0.442,102,112,0.911,37,181,218,449,88,17,102,128,869,28.855263157894736,3.8684210526315788,8.473684210526315,2.3552631578947367,5.328947368421052,1.3421052631578947,1.4736842105263157,0.4868421052631579,2.3815789473684212,2.8684210526315788,5.907894736842105,1.1578947368421053,0.2236842105263158,1.3421052631578947,1.6842105263157894,11.43421052631579,15.8,0.627,0.629,0.174,2.000,9.000,5.600,28.400,2.000,0.700,12.800,16.000,5.0,3.3,8.2,0.180,2.0,1.4,3.4,3.0
201144,Mike Conley,20,2024-25,MIN,37.0,48,42,1203.0,122,331,0.369,85,220,0.386,63,69,0.913,24,104,128,221,59,9,52,71,392,25.0625,2.5416666666666665,6.895833333333333,1.7708333333333333,4.583333333333333,1.3125,1.4375,0.5,2.1666666666666665,2.6666666666666665,4.604166666666667,1.2291666666666667,0.1875,1.0833333333333333,1.4791666666666667,8.166666666666666,13.1,0.542,0.665,0.208,2.200,9.400,5.900,25.300,2.400,0.700,12.600,14.900,1.8,1.6,3.3,0.133,-0.5,1.4,0.9,0.9
1629675,Naz Reid,1,2019-20,MIN,20.0,30,11,495.0,100,243,0.412,32,97,0.33,37,53,0.698,34,90,124,35,19,22,22,83,269,16.5,3.3333333333333335,8.1,1.0666666666666667,3.2333333333333334,1.2333333333333334,1.7666666666666666,1.1333333333333333,3.0,4.133333333333334,1.1666666666666667,0.6333333333333333,0.7333333333333333,0.7333333333333333,2.7666666666666666,8.966666666666667,15.3,0.505,0.399,0.218,7.000,19.900,13.200,11.200,1.800,3.700,7.600,24.000,0.2,0.6,0.8,0.074,-1.6,-0.3,-1.9,0.0
1629675,Naz Reid,2,2020-21,MIN,21.0,70,15,1347.0,304,581,0.523,61,174,0.351,115,166,0.693,82,240,322,72,34,76,69,179,784,19.242857142857144,4.3428571428571425,8.3,0.8714285714285714,2.4857142857142858,1.6428571428571428,2.3714285714285714,1.1714285714285715,3.4285714285714284,4.6,1.0285714285714285,0.4857142857142857,1.0857142857142856,0.9857142857142858,2.557142857142857,11.2,18.2,0.599,0.299,0.286,6.400,20.000,12.900,8.700,1.200,4.900,9.500,22.500,1.9,1.3,3.2,0.113,-0.1,-0.2,-0.2,0.6
1629675,Naz Reid,3,2021-22,MIN,22.0,77,6,1215.0,233,476,0.489,57,166,0.343,114,149,0.765,102,199,301,71,40,71,82,172,637,15.779220779220779,3.0259740259740258,6.181818181818182,0.7402597402597403,2.155844155844156,1.4805194805194806,1.9350649350649352,1.3246753246753247,2.5844155844155843,3.909090909090909,0.922077922077922,0.5194805194805194,0.922077922077922,1.0649350649350648,2.2337662337662336,8.272727272727273,17.2,0.588,0.349,0.313,8.800,18.000,13.300,8.700,1.600,5.600,13.200,21.400,1.5,1.6,3.2,0.125,-0.5,0.5,0.0,0.6
1629675,Naz Reid,4,2022-23,MIN,23.0,68,11,1251.0,310,577,0.537,75,217,0.346,86,127,0.677,73,260,333,77,42,53,92,176,781,18.397058823529413,4.5588235294117645,8.485294117647058,1.1029411764705883,3.1911764705882355,1.2647058823529411,1.8676470588235294,1.0735294117647058,3.823529411764706,4.897058823529412,1.1323529411764706,0.6176470588235294,0.7794117647058824,1.3529411764705883,2.588235294117647,11.485294117647058,18.5,0.617,0.376,0.220,6.600,22.800,14.900,9.600,1.600,3.700,12.700,24.800,1.1,1.9,3.0,0.114,0.3,0.8,1.0,1.0
1629675,Naz Reid,5,2023-24,MIN,24.0,81,14,1964.0,406,851,0.477,169,408,0.414,109,148,0.736,73,350,423,106,63,73,111,172,1090,24.246913580246915,5.012345679012346,10.506172839506172,2.0864197530864197,5.037037037037037,1.345679012345679,1.8271604938271604,0.9012345679012346,4.320987654320987,5.222222222222222,1.308641975308642,0.7777777777777778,0.9012345679012346,1.3703703703703705,2.123456790123457,13.45679012345679,16.0,0.595,0.479,0.174,4.400,19.300,12.200,8.300,1.600,3.300,10.800,23.100,1.1,3.8,4.9,0.120,0.4,1.1,1.5,1.7
1629675,Naz Reid,6,2024-25,MIN,25.0,56,9,1502.0,305,627,0.486,125,308,0.406,83,104,0.798,59,258,317,115,42,51,68,134,818,26.821428571428573,5.446428571428571,11.196428571428571,2.232142857142857,5.5,1.4821428571428572,1.8571428571428572,1.0535714285714286,4.607142857142857,5.660714285714286,2.0535714285714284,0.75,0.9107142857142857,1.2142857142857142,2.392857142857143,14.607142857142858,17.4,0.608,0.491,0.166,4.400,18.800,11.700,12.200,1.400,3.200,9.200,21.400,2.5,2.3,4.8,0.154,1.9,1.2,3.1,2.0
1641803,Tristen Newton,1,2024-25,IND,23.0,5,0,8.0,1,6,0.167,0,3,0.0,1,1,1.0,0,0,0,1,0,0,1,2,3,1.6,0.2,1.2,0.0,0.6,0.2,0.2,0.0,0.0,0.0,0.2,0.0,0.0,0.2,0.4,0.6,-15.3,0.233,0.500,0.167,0.000,0.000,0.000,16.200,0.000,0.000,13.400,40.200,-0.1,0.0,-0.1,-0.560,-22.0,-11.1,-33.1,-0.1
1641803,Tristen Newton,2,2024-25,MIN,23.0,3,0,8.0,0,2,0.0,0,0,0.0,0,0,0.0,2,2,4,1,1,0,1,2,0,2.6666666666666665,0.0,0.6666666666666666,0.0,0.0,0.0,0.0,0.6666666666666666,0.6666666666666666,1.3333333333333333,0.3333333333333333,0.3333333333333333,0.0,0.3333333333333333,0.6666666666666666,0.0,-6.1,0.178,0.375,0.125,14.000,13.700,13.800,15.600,3.100,0.000,19.200,28.200,-0.1,0.0,-0.1,-0.335,-16.7,-4.2,-20.9,-0.1
1641803,Tristen Newton,3,2024-25,TOT,23.0,8,0,16.0,1,8,0.125,0,3,0.0,1,1,1.0,2,2,4,2,1,0,2,4,3,2.0,0.125,1.0,0.0,0.375,0.125,0.125,0.25,0.25,0.5,0.25,0.125,0.0,0.25,0.5,0.375,3.1,0.000,0.000,0.000,28.000,27.300,27.600,15.100,6.200,0.000,33.300,16.200,0.0,0.0,0.0,-0.110,-11.4,2.6,-8.7,0.0
1641740,Jaylen Clark,1,2024-25,MIN,23.0,15,1,221.0,23,56,0.411,9,24,0.375,12,16,0.75,13,11,24,8,12,1,2,23,67,14.733333333333333,1.5333333333333334,3.7333333333333334,0.6,1.6,0.8,1.0666666666666667,0.8666666666666667,0.7333333333333333,1.6,0.5333333333333333,0.8,0.06666666666666667,0.13333333333333333,1.5333333333333334,4.466666666666667,10.4,0.531,0.429,0.286,6.600,5.400,6.000,5.000,2.700,0.400,3.100,12.700,0.3,0.3,0.5,0.116,-3.3,1.5,-1.8,0.0
203497,Rudy Gobert,1,2013-14,UTA,22.0,45,0,434.0,36,74,0.486,0,0,0.0,32,65,0.492,51,104,155,7,8,41,32,57,104,9.644444444444444,0.8,1.6444444444444444,0.0,0.0,0.7111111111111111,1.4444444444444444,1.1333333333333333,2.311111111111111,3.4444444444444446,0.15555555555555556,0.17777777777777778,0.9111111111111111,0.7111111111111111,1.2666666666666666,2.311111111111111,12.9,0.507,0.000,0.878,13.100,28.500,20.600,2.400,1.000,7.400,23.800,14.200,-0.2,0.6,0.4,0.045,-3.6,0.9,-2.7,-0.1
203497,Rudy Gobert,2,2014-15,UTA,23.0,82,37,2158.0,258,427,0.604,0,2,0.0,170,273,0.623,265,510,775,109,64,189,111,175,686,26.317073170731707,3.1463414634146343,5.2073170731707314,0.0,0.024390243902439025,2.073170731707317,3.3292682926829267,3.231707317073171,6.219512195121951,9.451219512195122,1.329268292682927,0.7804878048780488,2.3048780487804876,1.353658536585366,2.1341463414634148,8.365853658536585,21.6,0.627,0.005,0.639,14.300,27.200,20.700,8.200,1.600,7.000,16.900,14.000,5.0,4.3,9.3,0.206,1.7,2.5,4.2,3.4
203497,Rudy Gobert,3,2015-16,UTA,24.0,61,60,1932.0,198,354,0.559,0,0,0.0,161,283,0.569,208,460,668,91,45,135,114,163,557,31.672131147540984,3.2459016393442623,5.80327868852459,0.0,0.0,2.639344262295082,4.639344262295082,3.4098360655737703,7.540983606557377,10.950819672131148,1.4918032786885247,0.7377049180327869,2.2131147540983607,1.8688524590163935,2.6721311475409837,9.131147540983607,17.5,0.582,0.000,0.799,12.600,27.700,20.200,7.400,1.200,5.900,19.200,14.200,2.6,3.8,6.4,0.160,0.0,2.2,2.2,2.0
203497,Rudy Gobert,4,2016-17,UTA,25.0,81,81,2744.0,413,625,0.661,0,1,0.0,311,476,0.653,314,721,1035,97,49,214,147,246,1137,33.876543209876544,5.098765432098766,7.716049382716049,0.0,0.012345679012345678,3.8395061728395063,5.8765432098765435,3.876543209876543,8.901234567901234,12.777777777777779,1.1975308641975309,0.6049382716049383,2.6419753086419755,1.8148148148148149,3.037037037037037,14.037037037037036,23.3,0.681,0.002,0.762,13.600,29.500,21.800,5.700,0.900,6.400,15.000,16.700,8.3,6.0,14.3,0.250,2.2,2.2,4.4,4.4
203497,Rudy Gobert,5,2017-18,UTA,26.0,56,56,1816.0,276,444,0.622,0,0,0.0,204,299,0.682,165,436,601,80,44,129,107,153,756,32.42857142857143,4.928571428571429,7.928571428571429,0.0,0.0,3.642857142857143,5.339285714285714,2.9464285714285716,7.785714285714286,10.732142857142858,1.4285714285714286,0.7857142857142857,2.3035714285714284,1.9107142857142858,2.732142857142857,13.5,20.7,0.657,0.000,0.673,10.400,27.000,18.800,6.900,1.200,6.000,15.700,16.900,4.2,3.9,8.1,0.214,0.9,2.5,3.4,2.5
203497,Rudy Gobert,6,2018-19,UTA,27.0,81,80,2577.0,476,712,0.669,0,0,0.0,332,522,0.636,309,732,1041,161,66,187,130,231,1284,31.814814814814813,5.8765432098765435,8.790123456790123,0.0,0.0,4.098765432098766,6.444444444444445,3.814814814814815,9.037037037037036,12.851851851851851,1.9876543209876543,0.8148148148148148,2.308641975308642,1.6049382716049383,2.8518518518518516,15.851851851851851,24.6,0.682,0.000,0.733,13.200,30.200,21.900,9.600,1.200,5.800,12.100,17.800,8.7,5.7,14.4,0.268,3.0,2.5,5.4,4.8
203497,Rudy Gobert,7,2019-20,UTA,28.0,68,68,2333.0,386,557,0.693,0,0,0.0,254,403,0.63,230,686,916,101,51,135,130,215,1026,34.30882352941177,5.676470588235294,8.191176470588236,0.0,0.0,3.735294117647059,5.926470588235294,3.3823529411764706,10.088235294117647,13.470588235294118,1.4852941176470589,0.75,1.9852941176470589,1.911764705882353,3.161764705882353,15.088235294117647,21.7,0.699,0.000,0.724,11.200,31.300,21.600,6.500,1.100,4.800,15.000,16.200,6.5,4.2,10.7,0.221,1.7,1.9,3.6,3.3
203497,Rudy Gobert,8,2020-21,UTA,29.0,71,71,2187.0,391,579,0.675,0,4,0.0,233,374,0.623,240,720,960,89,40,190,118,163,1015,30.802816901408452,5.507042253521127,8.154929577464788,0.0,0.056338028169014086,3.2816901408450705,5.267605633802817,3.380281690140845,10.140845070422536,13.52112676056338,1.2535211267605635,0.5633802816901409,2.676056338028169,1.6619718309859155,2.295774647887324,14.295774647887324,23.5,0.683,0.007,0.646,12.200,33.500,23.300,6.000,0.900,7.000,13.700,17.000,6.1,5.2,11.3,0.248,2.1,2.8,4.9,3.8
203497,Rudy Gobert,9,2021-22,UTA,30.0,66,66,2120.0,362,508,0.713,0,4,0.0,303,439,0.69,241,727,968,72,45,137,119,176,1027,32.121212121212125,5.484848484848484,7.696969696969697,0.0,0.06060606060606061,4.590909090909091,6.651515151515151,3.6515151515151514,11.015151515151516,14.666666666666666,1.0909090909090908,0.6818181818181818,2.0757575757575757,1.803030303030303,2.6666666666666665,15.56060606060606,24.7,0.732,0.008,0.864,12.900,36.300,25.000,5.100,1.000,5.700,14.500,16.900,7.3,4.3,11.7,0.264,2.9,1.7,4.6,3.6
203497,Rudy Gobert,10,2022-23,MIN,31.0,70,70,2148.0,360,546,0.659,0,3,0.0,219,340,0.644,231,583,814,87,56,95,122,210,939,30.685714285714287,5.142857142857143,7.8,0.0,0.04285714285714286,3.1285714285714286,4.857142857142857,3.3,8.32857142857143,11.628571428571428,1.2428571428571429,0.8,1.3571428571428572,1.7428571428571429,3.0,13.414285714285715,18.9,0.675,0.005,0.623,12.200,29.800,21.200,5.600,1.200,3.900,14.900,16.300,4.3,3.5,7.8,0.174,0.0,0.7,0.7,1.4
203497,Rudy Gobert,11,2023-24,MIN,32.0,76,76,2593.0,406,614,0.661,0,3,0.0,249,390,0.638,285,697,982,102,52,162,118,238,1061,34.11842105263158,5.342105263157895,8.078947368421053,0.0,0.039473684210526314,3.276315789473684,5.131578947368421,3.75,9.171052631578947,12.921052631578947,1.3421052631578947,0.6842105263157895,2.1315789473684212,1.5526315789473684,3.1315789473684212,13.960526315789474,19.3,0.675,0.005,0.635,13.100,29.200,21.500,5.600,1.000,5.500,13.100,15.400,5.8,5.8,11.6,0.216,0.1,1.7,1.8,2.5
203497,Rudy Gobert,12,2024-25,MIN,32.0,55,55,1831.0,235,360,0.653,0,0,0.0,134,197,0.68,194,379,573,101,38,85,75,132,604,33.29090909090909,4.2727272727272725,6.545454545454546,0.0,0.0,2.4363636363636365,3.581818181818182,3.5272727272727273,6.890909090909091,10.418181818181818,1.8363636363636364,0.6909090909090909,1.5454545454545454,1.3636363636363635,2.4,10.981818181818182,16.9,0.676,0.000,0.547,11.900,22.600,17.300,7.900,1.000,4.300,14.400,12.300,4.1,3.0,7.1,0.185,-0.1,1.3,1.2,1.5
203944,Julius Randle,1,2014-15,LAL,20.0,1,0,14.0,1,3,0.333,0,0,0.0,0,2,0.0,0,0,0,0,0,0,1,1,2,14.0,1.0,3.0,0.0,0.0,0.0,2.0,0.0,0.0,0.0,0.0,0.0,0.0,1.0,1.0,2.0,-7.5,0.258,0.000,0.667,0.000,0.000,0.000,0.000,0.000,0.000,20.500,15.500,-0.1,0.0,-0.1,-0.276,-9.6,-5.6,-15.1,0.0
203944,Julius Randle,2,2015-16,LAL,21.0,81,60,2286.0,358,835,0.429,10,36,0.278,193,270,0.715,172,657,829,144,53,29,149,242,919,28.22222222222222,4.419753086419753,10.308641975308642,0.12345679012345678,0.4444444444444444,2.382716049382716,3.3333333333333335,2.123456790123457,8.11111111111111,10.234567901234568,1.7777777777777777,0.654320987654321,0.35802469135802467,1.8395061728395061,2.9876543209876543,11.345679012345679,13.9,0.482,0.043,0.323,7.800,32.000,19.500,11.000,1.200,1.000,13.500,21.200,-0.3,1.9,1.6,0.035,-1.9,-1.3,-3.2,-0.7
203944,Julius Randle,3,2016-17,LAL,22.0,74,73,2132.0,377,773,0.488,17,63,0.27,204,282,0.723,150,486,636,264,49,37,173,248,975,28.81081081081081,5.094594594594595,10.445945945945946,0.22972972972972974,0.8513513513513513,2.7567567567567566,3.810810810810811,2.027027027027027,6.5675675675675675,8.594594594594595,3.5675675675675675,0.6621621621621622,0.5,2.3378378378378377,3.3513513513513513,13.175675675675675,16.3,0.543,0.082,0.365,7.400,25.800,16.300,19.300,1.100,1.400,16.200,21.400,2.0,1.5,3.5,0.080,-0.6,-0.3,-0.9,0.6
203944,Julius Randle,4,2017-18,LAL,23.0,82,49,2190.0,504,904,0.558,10,45,0.222,305,425,0.718,181,473,654,210,43,45,213,274,1323,26.70731707317073,6.146341463414634,11.024390243902438,0.12195121951219512,0.5487804878048781,3.7195121951219514,5.182926829268292,2.207317073170732,5.7682926829268295,7.975609756097561,2.5609756097560976,0.524390243902439,0.5487804878048781,2.597560975609756,3.341463414634146,16.134146341463413,19.9,0.606,0.050,0.470,8.900,22.800,15.900,15.800,0.900,1.700,16.300,25.300,4.0,2.6,6.6,0.145,0.6,0.0,0.6,1.4
203944,Julius Randle,5,2018-19,NOP,24.0,73,49,2232.0,571,1089,0.524,67,195,0.344,356,487,0.731,162,472,634,229,52,45,208,246,1565,30.575342465753426,7.821917808219178,14.917808219178083,0.9178082191780822,2.671232876712329,4.876712328767123,6.671232876712328,2.219178082191781,6.465753424657534,8.684931506849315,3.136986301369863,0.7123287671232876,0.6164383561643836,2.8493150684931505,3.3698630136986303,21.438356164383563,20.9,0.600,0.179,0.447,7.600,21.600,14.700,15.800,1.100,1.600,13.800,27.800,4.2,1.9,6.1,0.131,2.1,-0.6,1.5,2.0
203944,Julius Randle,6,2019-20,NYK,25.0,64,64,2080.0,463,1006,0.46,64,231,0.277,258,352,0.733,151,471,622,198,51,22,193,178,1248,32.5,7.234375,15.71875,1.0,3.609375,4.03125,5.5,2.359375,7.359375,9.71875,3.09375,0.796875,0.34375,3.015625,2.78125,19.5,17.5,0.538,0.230,0.350,7.500,24.900,16.000,15.800,1.200,1.000,14.300,27.600,0.9,1.8,2.7,0.062,0.7,-1.0,-0.3,0.9
203944,Julius Randle,7,2020-21,NYK,26.0,71,71,2667.0,602,1321,0.456,160,389,0.411,348,429,0.811,84,640,724,427,64,18,241,225,1712,37.563380281690144,8.47887323943662,18.6056338028169,2.2535211267605635,5.47887323943662,4.901408450704225,6.042253521126761,1.1830985915492958,9.014084507042254,10.19718309859155,6.014084507042254,0.9014084507042254,0.2535211267605634,3.3943661971830985,3.1690140845070425,24.112676056338028,19.7,0.567,0.294,0.325,3.500,25.700,14.700,27.200,1.200,0.600,13.800,29.300,3.4,4.3,7.8,0.140,2.9,0.9,3.8,3.9
203944,Julius Randle,8,2021-22,NYK,27.0,72,72,2544.0,512,1246,0.411,120,390,0.308,303,401,0.756,125,591,716,370,53,39,245,205,1447,35.333333333333336,7.111111111111111,17.305555555555557,1.6666666666666667,5.416666666666667,4.208333333333333,5.569444444444445,1.7361111111111112,8.208333333333334,9.944444444444445,5.138888888888889,0.7361111111111112,0.5416666666666666,3.4027777777777777,2.8472222222222223,20.09722222222222,15.7,0.509,0.313,0.322,5.200,25.500,15.100,25.100,1.000,1.500,14.700,28.700,-0.3,3.4,3.1,0.059,0.4,0.2,0.5,1.6
203944,Julius Randle,9,2022-23,NYK,28.0,77,77,2737.0,658,1432,0.459,218,636,0.343,402,531,0.757,141,626,767,316,49,21,216,233,1936,35.54545454545455,8.545454545454545,18.5974025974026,2.831168831168831,8.25974025974026,5.220779220779221,6.896103896103896,1.8311688311688312,8.12987012987013,9.96103896103896,4.103896103896104,0.6363636363636364,0.2727272727272727,2.8051948051948052,3.0259740259740258,25.142857142857142,20.3,0.581,0.444,0.371,5.600,25.200,15.400,18.500,0.900,0.700,11.500,29.500,5.0,3.1,8.1,0.142,3.9,-0.2,3.7,3.9
203944,Julius Randle,10,2023-24,NYK,29.0,46,46,1630.0,395,836,0.472,76,244,0.311,236,302,0.781,99,324,423,229,25,12,159,125,1102,35.43478260869565,8.58695652173913,18.17391304347826,1.6521739130434783,5.304347826086956,5.130434782608695,6.565217391304348,2.152173913043478,7.043478260869565,9.195652173913043,4.978260869565218,0.5434782608695652,0.2608695652173913,3.4565217391304346,2.717391304347826,23.956521739130434,18.9,0.569,0.292,0.361,6.800,22.400,14.600,22.800,0.800,0.700,14.100,29.900,1.9,1.9,3.8,0.113,2.2,-0.3,1.9,1.6
203944,Julius Randle,11,2024-25,MIN,30.0,48,48,1564.0,316,673,0.47,71,221,0.321,202,249,0.811,102,242,344,214,35,11,136,122,905,32.583333333333336,6.583333333333333,14.020833333333334,1.4791666666666667,4.604166666666667,4.208333333333333,5.1875,2.125,5.041666666666667,7.166666666666667,4.458333333333333,0.7291666666666666,0.22916666666666666,2.8333333333333335,2.5416666666666665,18.854166666666668,17.2,0.578,0.328,0.370,7.300,16.900,12.200,21.800,1.100,0.700,14.800,25.400,2.2,1.9,4.1,0.127,1.2,-0.3,0.9,1.1
1631159,Leonard Miller,1,2023-24,MIN,20.0,17,0,52.0,13,20,0.65,2,5,0.4,1,2,0.5,5,15,20,8,2,1,1,5,29,3.0588235294117645,0.7647058823529411,1.1764705882352942,0.11764705882352941,0.29411764705882354,0.058823529411764705,0.11764705882352941,0.29411764705882354,0.8823529411764706,1.1764705882352942,0.47058823529411764,0.11764705882352941,0.058823529411764705,0.058823529411764705,0.29411764705882354,1.7058823529411764,27.0,0.694,0.250,0.100,11.500,31.300,21.800,25.500,1.900,1.700,4.600,18.600,0.2,0.1,0.3,0.323,5.9,3.7,9.6,0.2
1631159,Leonard Miller,2,2024-25,MIN,21.0,8,0,22.0,3,12,0.25,0,5,0.0,8,8,1.0,3,7,10,0,1,1,2,2,14,2.75,0.375,1.5,0.0,0.625,1.0,1.0,0.375,0.875,1.25,0.0,0.125,0.125,0.25,0.25,1.75,16.4,0.451,0.417,0.667,15.300,34.800,25.100,0.000,2.200,4.200,11.400,34.500,0.0,0.1,0.0,0.048,-7.5,-2.6,-10.1,0.0
1630568,Luka Garza,1,2021-22,DET,23.0,32,5,389.0,66,147,0.449,16,49,0.327,38,61,0.623,58,42,100,20,9,6,18,55,186,12.15625,2.0625,4.59375,0.5,1.53125,1.1875,1.90625,1.8125,1.3125,3.125,0.625,0.28125,0.1875,0.5625,1.71875,5.8125,15.6,0.535,0.333,0.415,15.300,12.300,13.900,8.300,1.100,1.400,9.400,21.100,0.5,0.2,0.8,0.093,-0.5,-2.0,-2.5,-0.1
1630568,Luka Garza,2,2022-23,MIN,24.0,28,0,243.0,63,116,0.543,14,39,0.359,41,52,0.788,33,30,63,18,3,2,14,43,181,8.678571428571429,2.25,4.142857142857143,0.5,1.3928571428571428,1.4642857142857142,1.8571428571428572,1.1785714285714286,1.0714285714285714,2.25,0.6428571428571429,0.10714285714285714,0.07142857142857142,0.5,1.5357142857142858,6.464285714285714,23.0,0.652,0.336,0.448,15.500,13.500,14.500,11.800,0.600,0.700,9.200,26.900,0.9,0.2,1.1,0.211,2.2,-2.6,-0.4,0.1
1630568,Luka Garza,3,2023-24,MIN,25.0,25,0,122.0,36,75,0.48,9,32,0.281,18,25,0.72,19,12,31,4,4,1,6,24,99,4.88,1.44,3.0,0.36,1.28,0.72,1.0,0.76,0.48,1.24,0.16,0.16,0.04,0.24,0.96,3.96,21.8,0.576,0.427,0.333,18.600,10.700,14.400,5.900,1.600,0.700,6.500,33.300,0.2,0.2,0.4,0.166,0.6,-2.7,-2.1,0.0
1630568,Luka Garza,4,2024-25,MIN,26.0,24,0,140.0,33,72,0.458,5,23,0.217,11,16,0.688,24,18,42,5,2,1,8,23,82,5.833333333333333,1.375,3.0,0.20833333333333334,0.9583333333333334,0.4583333333333333,0.6666666666666666,1.0,0.75,1.75,0.20833333333333334,0.08333333333333333,0.041666666666666664,0.3333333333333333,0.9583333333333334,3.4166666666666665,15.6,0.519,0.319,0.222,19.200,14.000,16.600,6.000,0.700,0.700,9.200,26.900,0.1,0.1,0.3,0.087,-3.4,-3.6,-7.0,-0.2
